pre,post,count,norm
I1R,I2R,6,0.250000
I1R,I3,1,0.038462
I1R,I5,2,0.105263
I1R,M1,1,0.055556
I1R,M2L,1,0.062500
I1R,M2R,3,0.428571
I1R,M3L,1,0.019231
I1R,M3R,6,0.090909
I1R,MCL,3,0.333333
I1R,MCR,4,0.666667
I1R,MI,1,0.076923
I1R,NSML,1,0.011628
I1R,NSMR,2,0.022727
I1R,pm1,2,0.666667
I2L,I2R,3,0.125000
I2L,I4,13,0.216667
I2L,I5,2,0.105263
I2L,I6,2,0.181818
I2L,M1,1,0.055556
I2L,M3R,3,0.045455
I2L,M4,4,0.054054
I2L,NSML,14,0.162791
I2L,NSMR,24,0.272727
I2L,e3VL,1,0.500000
I2R,I1R,1,0.250000
I2R,I2L,3,0.272727
I2R,I4,20,0.333333
I2R,I5,2,0.105263
I2R,I6,3,0.272727
I2R,M1,3,0.166667
I2R,M2R,2,0.285714
I2R,M3R,2,0.030303
I2R,M4,3,0.040541
I2R,MCL,1,0.111111
I2R,NSML,34,0.395349
I2R,NSMR,7,0.079545
I2R,pm1,1,0.333333
I2R,e3VR,1,1.000000
I3,I1R,1,0.250000
I3,I5,2,0.105263
I3,I6,1,0.090909
I3,M1,2,0.111111
I3,M2L,2,0.125000
I3,M3L,2,0.038462
I3,M3R,2,0.030303
I3,M4,2,0.027027
I3,MCL,1,0.111111
I3,MCR,2,0.333333
I3,MI,1,0.076923
I3,NSMR,2,0.022727
I4,I2R,7,0.291667
I4,I5,2,0.105263
I4,M2L,5,0.312500
I4,M3L,6,0.115385
I4,M3R,22,0.333333
I4,MI,1,0.076923
I4,NSML,8,0.093023
I4,NSMR,15,0.170455
I5,I2L,3,0.272727
I5,I2R,1,0.041667
I5,I3,1,0.038462
I5,I4,7,0.116667
I5,M1,3,0.166667
I5,M2L,4,0.250000
I5,M3L,4,0.076923
I5,M3R,2,0.030303
I5,M4,19,0.256757
I5,M5,2,0.666667
I5,MI,4,0.307692
I5,NSML,1,0.011628
I5,NSMR,5,0.056818
I5,g1AL,9,0.142857
I5,g1AR,6,0.096774
I6,I1R,1,0.250000
I6,I2L,1,0.090909
I6,I2R,4,0.166667
I6,I3,12,0.461538
I6,M3L,10,0.192308
I6,M4,15,0.202703
I6,NSML,24,0.279070
I6,NSMR,23,0.261364
I6,bm,2,0.012270
M1,I1R,1,0.250000
M1,I2L,3,0.272727
M1,I2R,2,0.083333
M1,I3,8,0.307692
M1,I4,1,0.016667
M1,I5,2,0.105263
M1,M4,1,0.013514
M1,M5,1,0.333333
M1,MI,6,0.461538
M1,NSML,2,0.023256
M1,e3D,3,1.000000
M1,e3VL,1,0.500000
M1,RIPL,1,0.005291
M2L,I3,2,0.076923
M2L,I4,8,0.133333
M2L,I5,2,0.105263
M2L,M3L,3,0.057692
M2L,M3R,1,0.015152
M2L,g1AL,8,0.126984
M2R,I4,1,0.016667
M2R,I5,3,0.157895
M2R,M3L,2,0.038462
M2R,M3R,1,0.015152
M2R,NSMR,1,0.011364
M2R,g1AR,3,0.048387
M3L,NSML,1,0.011628
M3R,M4,2,0.027027
M3R,g1AR,3,0.048387
M3R,bm,1,0.006135
M4,I4,5,0.083333
M4,I5,1,0.052632
M4,M2L,1,0.062500
M4,M3L,1,0.019231
M4,M4,15,0.202703
M4,MCL,1,0.111111
M4,g1AL,43,0.682540
M4,g1AR,49,0.790323
M4,g2L,3,0.600000
M5,I5,1,0.052632
M5,M1,1,0.055556
M5,g1AL,3,0.047619
M5,g1AR,1,0.016129
M5,g2L,2,0.400000
M5,g2R,1,1.000000
MI,I3,2,0.076923
MI,I4,1,0.016667
MI,M1,7,0.388889
MI,M2L,3,0.187500
MI,M2R,2,0.285714
MI,M3L,2,0.038462
MI,M3R,2,0.030303
MI,MCL,3,0.333333
MI,NSML,1,0.011628
MI,NSMR,2,0.022727
NSML,I4,1,0.016667
NSML,I6,1,0.090909
NSML,M3L,21,0.403846
NSML,M3R,1,0.015152
NSML,M4,13,0.175676
NSML,NSMR,7,0.079545
NSML,bm,88,0.539877
NSMR,I2L,1,0.090909
NSMR,I2R,1,0.041667
NSMR,I4,3,0.050000
NSMR,I6,4,0.363636
NSMR,M3R,24,0.363636
NSMR,bm,72,0.441718
ASIL,AWAR,2,0.111111
ASIL,ASGL,3,0.176471
ASIL,ASER,8,0.102564
ASIL,ADFL,1,0.023810
ASIL,AWCL,3,0.052632
ASIL,AWCR,4,0.064516
ASIL,ASKL,3,0.063830
ASIL,CEPVR,1,0.017241
ASIL,AIYL,3,0.024793
ASIL,AIYR,2,0.015385
ASIL,AIAL,2,0.010870
ASIL,AIZL,1,0.004831
ASIL,RIBL,1,0.004587
ASIL,AIBL,3,0.011628
ASIL,SAAVL,2,0.038462
ASIL,RIAL,3,0.006912
ASIL,RMFL,1,0.021739
ASIR,AWAR,1,0.055556
ASIR,ASGR,3,0.115385
ASIR,ASEL,2,0.054054
ASIR,ASER,2,0.025641
ASIR,AWCL,2,0.035088
ASIR,AWCR,5,0.080645
ASIR,ASHR,2,0.051282
ASIR,ADLR,1,0.019608
ASIR,CEPVR,1,0.017241
ASIR,AIAL,1,0.005435
ASIR,AIAR,4,0.021164
ASIR,AIBR,3,0.010490
ASJL,ASKL,12,0.255319
ASJL,ASKR,1,0.040000
ASJL,CEPDL,1,0.025000
ASJL,ALA,3,0.250000
ASJL,PVQL,34,0.723404
ASJR,ASKR,12,0.480000
ASJR,PVQR,19,0.558824
AWAL,ASGL,1,0.058824
AWAL,AWBL,9,0.428571
AWAL,ASEL,7,0.189189
AWAL,AFDL,7,0.250000
AWAL,ASHL,2,0.133333
AWAL,AIYL,3,0.024793
AWAL,AIZL,23,0.111111
AWAL,ADAL,2,0.051282
AWAR,ASIL,2,0.117647
AWAR,ASGR,1,0.038462
AWAR,AWBR,3,0.187500
AWAR,ASER,5,0.064103
AWAR,ADFR,9,0.187500
AWAR,AFDR,23,0.500000
AWAR,RIR,2,0.029851
AWAR,AIYR,8,0.061538
AWAR,AIAR,3,0.015873
AWAR,AUAR,1,0.019608
AWAR,AIZR,25,0.123762
AWAR,RIFR,5,0.142857
AWAR,RIGR,6,0.055046
ASGL,ASKL,2,0.042553
ASGL,AINR,2,0.285714
ASGL,AIAL,46,0.250000
ASGL,AIBL,17,0.065891
ASGR,ASER,3,0.038462
ASGR,AIYR,1,0.007692
ASGR,AIAR,51,0.269841
ASGR,AIBR,20,0.069930
AWBL,AWAL,2,0.111111
AWBL,ASEL,1,0.027027
AWBL,ADFL,25,0.595238
AWBL,AWCL,1,0.017544
AWBL,ASHL,2,0.133333
AWBL,AIYL,1,0.008264
AWBL,AIAL,4,0.021739
AWBL,AIZL,15,0.072464
AWBL,AVHR,2,0.086957
AWBL,RIGL,2,0.022472
AWBL,AIBR,1,0.003497
AWBL,RIAL,10,0.023041
AWBL,AVBL,2,0.005935
AWBL,SMBDL,2,0.025000
AWBL,SMBVL,3,0.041667
AWBR,ASGR,1,0.038462
AWBR,ASER,1,0.012821
AWBR,ADFR,7,0.145833
AWBR,ASHR,2,0.051282
AWBR,URYVR,1,0.050000
AWBR,OLQVR,1,0.014286
AWBR,AIMR,1,0.066667
AWBR,RIR,7,0.104478
AWBR,AIYR,1,0.007692
AWBR,AIZR,8,0.039604
AWBR,RIFR,1,0.028571
AWBR,RIAR,3,0.007246
AWBR,AVBR,2,0.006024
ASEL,ASJL,1,0.076923
ASEL,AWBL,1,0.047619
ASEL,ASER,2,0.025641
ASEL,ADFR,1,0.020833
ASEL,AFDR,3,0.065217
ASEL,AWCL,16,0.280702
ASEL,AWCR,11,0.177419
ASEL,IL2R,1,0.090909
ASEL,OLLR,1,0.015873
ASEL,RIR,1,0.014925
ASEL,AIYL,32,0.264463
ASEL,AIYR,21,0.161538
ASEL,AIAL,6,0.032609
ASEL,AIZL,1,0.004831
ASEL,AIBL,16,0.062016
ASEL,AIBR,13,0.045455
ASEL,RIAR,2,0.004831
ASER,AWAR,1,0.055556
ASER,ASEL,3,0.081081
ASER,AFDL,2,0.071429
ASER,AFDR,3,0.065217
ASER,AWCL,1,0.017544
ASER,AWCR,1,0.016129
ASER,ASKL,1,0.021277
ASER,ASHR,2,0.051282
ASER,ADLL,4,0.222222
ASER,ADLR,1,0.019608
ASER,AIYL,9,0.074380
ASER,AIYR,38,0.292308
ASER,AIAL,8,0.043478
ASER,AIAR,4,0.021164
ASER,AIZL,1,0.004831
ASER,AIBL,4,0.015504
ASER,AIBR,32,0.111888
ADFL,AWBL,2,0.095238
ADFL,AFDL,1,0.035714
ADFL,AWCR,2,0.032258
ADFL,ADLL,1,0.055556
ADFL,URXL,1,0.013699
ADFL,RIR,4,0.059701
ADFL,AIAL,2,0.010870
ADFL,AUAL,12,0.240000
ADFL,AIZL,39,0.188406
ADFL,ADAL,2,0.051282
ADFL,RIBL,4,0.018349
ADFL,RIGL,4,0.044944
ADFL,RIGR,1,0.009174
ADFL,AIBL,2,0.007752
ADFL,AIBR,1,0.003497
ADFL,RIAL,46,0.105991
ADFL,RIVL,1,0.023810
ADFL,SMDVL,1,0.007194
ADFL,SMBDL,1,0.012500
ADFL,SMBVL,9,0.125000
ADFR,AWAR,1,0.055556
ADFR,AWBR,4,0.250000
ADFR,ADFR,1,0.020833
ADFR,AFDR,1,0.021739
ADFR,AWCR,1,0.016129
ADFR,ASHR,6,0.153846
ADFR,BAGL,6,0.139535
ADFR,URXR,10,0.131579
ADFR,URYVR,2,0.100000
ADFR,OLQVR,1,0.014286
ADFR,RIH,2,0.018182
ADFR,RIR,7,0.104478
ADFR,AIYR,2,0.015385
ADFR,AUAR,9,0.176471
ADFR,AIZR,37,0.183168
ADFR,ADAR,4,0.086957
ADFR,AVHL,1,0.028571
ADFR,PVPR,1,0.041667
ADFR,RIGR,24,0.220183
ADFR,RIAR,61,0.147343
ADFR,SMBDR,2,0.020000
ADFR,SMBVR,19,0.237500
AFDL,AWBL,4,0.190476
AFDL,ASEL,1,0.027027
AFDL,ASER,1,0.012821
AFDL,AFDL,1,0.035714
AFDL,AINR,3,0.428571
AFDL,AIYL,25,0.206612
AFDL,AIBL,1,0.003876
AFDR,ASEL,1,0.027027
AFDR,ASER,4,0.051282
AFDR,AFDL,1,0.035714
AFDR,AIYR,29,0.223077
AWCL,ASIL,1,0.058824
AWCL,ASGR,1,0.038462
AWCL,ASER,1,0.012821
AWCL,AFDL,2,0.071429
AWCL,AWCR,11,0.177419
AWCL,AIYL,22,0.181818
AWCL,AIAL,2,0.010870
AWCL,AIAR,4,0.021164
AWCL,AIZL,1,0.004831
AWCL,AIBL,12,0.046512
AWCL,AIBR,2,0.006993
AWCL,RIAL,6,0.013825
AWCL,AVAL,1,0.001499
AWCL,SMDVL,1,0.007194
AWCR,ASIL,2,0.117647
AWCR,ASIR,2,0.333333
AWCR,ASGR,3,0.115385
AWCR,ASEL,8,0.216216
AWCR,ASER,5,0.064103
AWCR,ADFR,1,0.020833
AWCR,AWCL,17,0.298246
AWCR,ASHR,1,0.025641
AWCR,IL2L,2,0.133333
AWCR,AIYL,12,0.099174
AWCR,AIYR,22,0.169231
AWCR,AIAL,1,0.005435
AWCR,AIAR,8,0.042328
AWCR,AIBL,3,0.011628
AWCR,AIBR,18,0.062937
AWCR,RIAL,3,0.006912
AWCR,RIVL,3,0.071429
ASKL,ASJL,1,0.076923
ASKL,ASER,4,0.051282
ASKL,AIML,5,0.250000
ASKL,AIAL,29,0.157609
ASKL,AIBL,9,0.034884
ASKR,AWAR,2,0.111111
ASKR,ASGR,1,0.038462
ASKR,ASER,1,0.012821
ASKR,ADLR,3,0.058824
ASKR,CEPVR,2,0.034483
ASKR,AIMR,5,0.333333
ASKR,AIAL,1,0.005435
ASKR,AIAR,35,0.185185
ASKR,ALA,1,0.083333
ASKR,RIFR,1,0.028571
ASKR,AIBR,2,0.006993
ASHL,ADFL,6,0.142857
ASHL,ASKL,1,0.021277
ASHL,ADLL,6,0.333333
ASHL,URXL,2,0.027397
ASHL,RIR,4,0.059701
ASHL,AIAL,24,0.130435
ASHL,AIZL,3,0.014493
ASHL,ADAL,2,0.051282
ASHL,AVFL,2,0.066667
ASHL,AVHR,2,0.086957
ASHL,AIBL,13,0.050388
ASHL,AVDL,7,0.026515
ASHL,AVDR,20,0.084746
ASHL,RIAL,9,0.020737
ASHL,RIML,4,0.018779
ASHL,AVBL,14,0.041543
ASHL,AVAL,15,0.022489
ASHL,AVAR,1,0.001460
ASHL,RIPL,4,0.021164
ASHR,AWAR,1,0.055556
ASHR,AWBL,1,0.047619
ASHR,ADFR,3,0.062500
ASHR,ASHR,2,0.051282
ASHR,ADLR,13,0.254902
ASHR,AIAR,28,0.148148
ASHR,ADAR,5,0.108696
ASHR,AVHL,1,0.028571
ASHR,PVPR,1,0.041667
ASHR,RMGR,6,0.162162
ASHR,AIBR,7,0.024476
ASHR,AVDL,27,0.102273
ASHR,AVDR,2,0.008475
ASHR,RIAR,3,0.007246
ASHR,AVER,7,0.023810
ASHR,AVBR,6,0.018072
ASHR,AVAR,10,0.014599
ASHR,PVCL,3,0.010601
ASHR,SMBVR,7,0.087500
ADLL,AWAL,1,0.055556
ADLL,ASGL,2,0.117647
ADLL,AWBL,3,0.142857
ADLL,ASEL,1,0.027027
ADLL,ASER,12,0.153846
ADLL,AWCL,2,0.035088
ADLL,ASHL,6,0.400000
ADLL,OLQVL,2,0.025000
ADLL,RIR,1,0.014925
ADLL,AIAL,19,0.103261
ADLL,ALA,5,0.416667
ADLL,ADAL,1,0.025641
ADLL,RIGL,1,0.011236
ADLL,AIBL,26,0.100775
ADLL,AVJL,3,0.033708
ADLL,AVJR,9,0.111111
ADLL,AVDL,4,0.015152
ADLL,AVDR,15,0.063559
ADLL,RIAL,1,0.002304
ADLL,AVBL,12,0.035608
ADLL,AVAL,9,0.013493
ADLL,AVAR,5,0.007299
ADLL,RIPL,3,0.015873
ADLL,SMBVL,5,0.069444
ADLR,ASER,2,0.025641
ADLR,AWCR,7,0.112903
ADLR,ASHR,4,0.102564
ADLR,ADLR,3,0.058824
ADLR,URXR,8,0.105263
ADLR,CEPVR,1,0.017241
ADLR,OLLR,1,0.015873
ADLR,OLQVR,1,0.014286
ADLR,URBR,6,0.157895
ADLR,AIAR,22,0.116402
ADLR,ADAR,1,0.021739
ADLR,RIFR,2,0.057143
ADLR,AIBR,27,0.094406
ADLR,RICL,1,0.011628
ADLR,RICR,5,0.047619
ADLR,AVJL,2,0.022472
ADLR,AVJR,3,0.037037
ADLR,AVDL,26,0.098485
ADLR,AVDR,3,0.012712
ADLR,AVBL,3,0.008902
ADLR,AVBR,7,0.021084
ADLR,AVAR,8,0.011679
ADLR,PVCL,3,0.010601
ADLR,RIPR,2,0.008621
ADLR,SMBVR,5,0.062500
ADLR,SIBVL,2,0.030303
BAGL,ADFR,1,0.020833
BAGL,BAGR,1,0.026316
BAGL,URXR,1,0.013158
BAGL,CEPVR,2,0.034483
BAGL,AINL,1,0.125000
BAGL,AUAR,2,0.039216
BAGL,AIZR,2,0.009901
BAGL,RIBR,19,0.084071
BAGL,RIGL,3,0.033708
BAGL,RIGR,7,0.064220
BAGL,AIBL,2,0.007752
BAGL,RIAR,18,0.043478
BAGL,AVEL,2,0.006601
BAGL,AVER,7,0.023810
BAGL,RID,3,0.053571
BAGL,AVAR,3,0.004380
BAGL,RIPR,1,0.004310
BAGL,URAVR,1,0.037037
BAGL,RIVR,2,0.057143
BAGR,BAGL,3,0.069767
BAGR,AQR,3,0.093750
BAGR,OLQVL,2,0.025000
BAGR,AIYL,3,0.024793
BAGR,RIBL,22,0.100917
BAGR,RIBR,1,0.004425
BAGR,RIGL,10,0.112360
BAGR,RIAL,18,0.041475
BAGR,AVEL,8,0.026403
BAGR,AVAL,4,0.005997
BAGR,SMDVL,1,0.007194
URXL,ASIL,1,0.058824
URXL,ADFL,1,0.023810
URXL,ASHL,1,0.066667
URXL,BAGR,2,0.052632
URXL,URXL,3,0.041096
URXL,IL2L,1,0.066667
URXL,CEPDL,1,0.025000
URXL,OLQVL,2,0.025000
URXL,IL1DL,2,0.035714
URXL,AIML,2,0.100000
URXL,RIR,1,0.014925
URXL,AUAL,14,0.280000
URXL,AIZL,1,0.004831
URXL,ADAL,6,0.153846
URXL,RIGL,6,0.067416
URXL,RMGL,5,0.087719
URXL,RICL,8,0.093023
URXL,AVJR,4,0.049383
URXL,AVDR,1,0.004237
URXL,RIAL,15,0.034562
URXL,AVEL,9,0.029703
URXL,RID,1,0.017857
URXL,AVBL,4,0.011869
URXL,AVAL,1,0.001499
URXR,AWBR,2,0.125000
URXR,ADFR,4,0.083333
URXR,ADLR,3,0.058824
URXR,ALMR,1,0.125000
URXR,CEPDR,1,0.034483
URXR,OLQVR,2,0.028571
URXR,AIMR,3,0.200000
URXR,URBR,8,0.210526
URXR,RIR,4,0.059701
URXR,AUAR,21,0.411765
URXR,ADAR,1,0.021739
URXR,RIFR,3,0.085714
URXR,RIGR,7,0.064220
URXR,RMGR,6,0.162162
URXR,RICR,3,0.028571
URXR,RIAR,20,0.048309
URXR,AVER,2,0.006803
URXR,AVBL,2,0.005935
URXR,AVBR,3,0.009036
URXR,AVAR,2,0.002920
URXR,RIPR,10,0.043103
URXR,RMDDL,2,0.006452
URXR,RMDR,8,0.040000
URXR,SMBVR,7,0.087500
URXR,SIADL,2,0.037736
URXR,SIAVR,4,0.052632
ALNL,RMGL,1,0.017544
ALNL,SAAVL,8,0.153846
ALNL,RIAL,1,0.002304
ALNL,RMDDR,1,0.003460
ALNL,RMHL,1,0.014286
ALNL,SMDVL,1,0.007194
ALNL,SMBDR,7,0.070000
ALNL,SIADR,1,0.017241
ALNR,ADER,1,0.027778
ALNR,SAAVR,6,0.130435
ALNR,RIML,5,0.023474
ALNR,AVAL,6,0.008996
ALNR,SMDDR,1,0.004202
ALNR,SMDVL,2,0.014388
ALNR,SMBDL,4,0.050000
PLNL,SAADL,5,0.066667
PLNL,SMBVL,10,0.138889
PLNL,SIAVL,10,0.117647
PLNR,SAADR,8,0.117647
PLNR,SAAVL,1,0.019231
PLNR,RMDVL,1,0.003610
PLNR,SMDVL,2,0.014388
PLNR,SMBVR,10,0.125000
PLNR,SIAVR,10,0.131579
SDQL,ALML,1,0.050000
SDQL,FLPL,2,0.080000
SDQL,DVA,1,0.006849
SDQL,RIS,8,0.200000
SDQL,PVR,1,0.024390
SDQL,AIBR,2,0.006993
SDQL,RICR,3,0.028571
SDQL,SAADR,2,0.029412
SDQL,AVDL,3,0.011364
SDQL,AVEL,1,0.003300
SDQL,RMFL,3,0.065217
SDQL,AVBL,1,0.002967
SDQL,AVBR,2,0.006024
SDQL,AVAL,6,0.008996
SDQL,AVAR,8,0.011679
SDQL,PVCL,1,0.003534
SDQL,RIPR,1,0.004310
SDQL,SMBDR,11,0.110000
SDQL,SIBVL,1,0.015152
SDQL,SIADR,2,0.034483
SDQR,ADLL,1,0.055556
SDQR,SDQL,4,0.129032
SDQR,ALML,1,0.050000
SDQR,DVA,10,0.068493
SDQR,AIBL,8,0.031008
SDQR,RICL,1,0.011628
SDQR,RICR,3,0.028571
SDQR,AVBL,23,0.068249
SDQR,AVBR,19,0.057229
SDQR,AVAL,8,0.011994
SDQR,RMHL,15,0.214286
SDQR,RMHR,7,0.087500
SDQR,SIADL,2,0.037736
AQR,BAGL,8,0.186047
AQR,BAGR,5,0.131579
AQR,URXL,5,0.068493
AQR,DVA,6,0.041096
AQR,RIR,1,0.014925
AQR,PVPL,3,0.066667
AQR,PVPR,1,0.041667
AQR,RIGL,1,0.011236
AQR,AVJL,3,0.033708
AQR,AVDL,3,0.011364
AQR,AVDR,2,0.008475
AQR,RIAL,8,0.018433
AQR,RIAR,4,0.009662
AQR,AVBL,7,0.020772
AQR,AVBR,12,0.036145
AQR,AVAL,4,0.005997
AQR,AVAR,6,0.008759
AQR,PVCL,1,0.003534
AQR,PVCR,4,0.015267
PQR,PHBL,2,0.117647
PQR,AVHL,1,0.028571
PQR,PVPR,1,0.041667
PQR,LUAR,3,0.103448
PQR,PVNL,2,0.076923
PQR,AVG,1,0.022222
PQR,AVJR,1,0.012346
PQR,AVDL,15,0.056818
PQR,AVDR,20,0.084746
PQR,AVAL,23,0.034483
PQR,AVAR,26,0.037956
PQR,PVCL,1,0.003534
PQR,PVCR,1,0.003817
PQR,DA08,1,0.015625
PQR,DB07,2,0.071429
PQR,AS11,2,0.052632
ALML,SDQL,2,0.064516
ALML,ALML,1,0.050000
ALML,CEPDL,2,0.050000
ALML,CEPVL,3,0.068182
ALML,AIML,1,0.050000
ALML,RIFL,2,0.095238
ALML,BDUL,15,0.535714
ALML,RMGL,3,0.052632
ALML,RICL,2,0.023256
ALML,RICR,3,0.028571
ALML,AVDR,3,0.012712
ALML,AVEL,3,0.009901
ALML,PVCL,11,0.038869
ALML,PVCR,4,0.015267
ALML,RMDDR,1,0.003460
ALML,SMBDR,2,0.020000
ALMR,CEPDR,1,0.034483
ALMR,CEPVR,3,0.051724
ALMR,URBR,1,0.026316
ALMR,BDUR,14,0.482759
ALMR,PVCR,10,0.038168
ALMR,RMDDL,1,0.003226
ALMR,SMDDL,1,0.004785
ALMR,SIADL,1,0.018868
AVM,ADER,4,0.111111
AVM,BDUL,3,0.107143
AVM,BDUR,5,0.172414
AVM,PVR,6,0.146341
AVM,AVHL,3,0.085714
AVM,PVNL,4,0.153846
AVM,PVNR,3,0.078947
AVM,AVKL,1,0.010638
AVM,AVJR,1,0.012346
AVM,AVDL,1,0.003788
AVM,AVDR,1,0.004237
AVM,RID,2,0.035714
AVM,AVBL,13,0.038576
AVM,AVBR,9,0.027108
AVM,PVCL,10,0.035336
AVM,PVCR,17,0.064885
AVM,SIBVL,4,0.060606
AVM,DA01,2,0.030769
AVM,VA02,1,0.022727
AVM,VB03,1,0.055556
PVM,AVM,2,0.400000
PVM,PVM,6,0.461538
PVM,DVA,3,0.020548
PVM,PDEL,10,0.188679
PVM,PDER,7,0.152174
PVM,PVR,3,0.073171
PVM,AVKL,15,0.159574
PVM,PVCL,1,0.003534
PVM,PVCR,2,0.007634
PLML,DVA,9,0.061644
PLML,PDEL,16,0.301887
PLML,PDER,19,0.413043
PLML,AVDR,5,0.021186
PLML,AVAL,4,0.005997
PLML,AVAR,5,0.007299
PLML,VA09,6,0.222222
PLMR,DVA,19,0.130137
PLMR,PDEL,18,0.339623
PLMR,PDER,10,0.217391
PLMR,AVDL,8,0.030303
PLMR,AVDR,5,0.021186
PLMR,AVAL,3,0.004498
PLMR,AVAR,5,0.007299
FLPL,FLPR,2,0.181818
FLPL,DVA,1,0.006849
FLPL,ADEL,22,0.458333
FLPL,ADER,3,0.083333
FLPL,RIS,1,0.025000
FLPL,AIBL,3,0.011628
FLPL,AIBR,3,0.010490
FLPL,AVDL,30,0.113636
FLPL,AVDR,34,0.144068
FLPL,AVBL,22,0.065282
FLPL,AVBR,22,0.066265
FLPL,AVAL,33,0.049475
FLPL,AVAR,48,0.070073
FLPL,PVCR,6,0.022901
FLPL,DD01,6,0.034884
FLPL,VA01,5,0.116279
FLPR,FLPL,14,0.560000
FLPR,DVA,6,0.041096
FLPR,ADER,6,0.166667
FLPR,ADAL,1,0.025641
FLPR,ADAR,1,0.021739
FLPR,AVJL,2,0.022472
FLPR,AVJR,2,0.024691
FLPR,AVDL,25,0.094697
FLPR,AVDR,8,0.033898
FLPR,AVEL,21,0.069307
FLPR,AVER,7,0.023810
FLPR,AVBL,30,0.089021
FLPR,AVBR,11,0.033133
FLPR,AVAL,23,0.034483
FLPR,AVAR,10,0.014599
FLPR,PVCL,2,0.007067
FLPR,VB01,1,0.027027
DVA,URXL,1,0.013699
DVA,AQR,6,0.187500
DVA,PDEL,2,0.037736
DVA,URYDL,3,0.130435
DVA,RIR,4,0.059701
DVA,AUAL,4,0.080000
DVA,AUAR,8,0.156863
DVA,AIZL,5,0.024155
DVA,AIZR,3,0.014851
DVA,PVR,2,0.048780
DVA,PVPR,3,0.125000
DVA,SAADR,5,0.073529
DVA,SAAVL,3,0.057692
DVA,SAAVR,1,0.021739
DVA,AVDR,2,0.008475
DVA,RIAL,3,0.006912
DVA,RIAR,4,0.009662
DVA,RIMR,5,0.020080
DVA,AVEL,19,0.062706
DVA,AVER,17,0.057823
DVA,AVBL,1,0.002967
DVA,AVBR,1,0.003012
DVA,AVAL,6,0.008996
DVA,AVAR,2,0.002920
DVA,PVCL,4,0.014134
DVA,PVCR,1,0.003817
DVA,SABD,2,0.043478
DVA,SMDVL,1,0.007194
DVA,SMBDL,6,0.075000
DVA,SMBDR,6,0.060000
DVA,SMBVL,5,0.069444
DVA,SMBVR,6,0.075000
DVA,DA02,1,0.020000
DVA,DB02,2,0.111111
DVA,DB03,3,0.142857
DVA,DB04,1,0.055556
DVA,DB07,1,0.035714
DVA,VA02,2,0.045455
DVA,VA06,1,0.037037
DVA,VA08,1,0.052632
DVA,VA12,1,0.016129
DVA,VB01,1,0.027027
DVA,VB07,1,0.111111
DVA,VB11,2,0.181818
PVDL,PVDR,10,0.108696
PVDL,AVFL,1,0.033333
PVDL,PVPL,1,0.022222
PVDL,AVG,8,0.177778
PVDL,AVDL,1,0.003788
PVDL,AVDR,1,0.004237
PVDL,AVAL,13,0.019490
PVDL,AVAR,29,0.042336
PVDL,PVCL,13,0.045936
PVDL,PVCR,36,0.137405
PVDL,DD05,3,0.029126
PVDL,VD10,3,0.062500
PVDR,DVA,5,0.034247
PVDR,PVDL,2,0.023529
PVDR,PVR,4,0.097561
PVDR,AVDL,1,0.003788
PVDR,AVAL,9,0.013493
PVDR,AVAR,30,0.043796
PVDR,PVCL,29,0.102473
PVDR,PVCR,29,0.110687
PVDR,VA09,2,0.074074
PVDR,VA12,3,0.048387
PVDR,VB05,2,0.181818
PVDR,VB06,4,0.285714
ADEL,ALML,1,0.050000
ADEL,FLPL,4,0.160000
ADEL,ADEL,2,0.041667
ADEL,ADER,5,0.138889
ADEL,IL2L,5,0.333333
ADEL,CEPDL,1,0.025000
ADEL,CEPVL,1,0.022727
ADEL,OLLL,6,0.136364
ADEL,IL1L,3,0.090909
ADEL,RIH,3,0.027273
ADEL,URBL,2,0.117647
ADEL,ADAL,1,0.025641
ADEL,RIFL,1,0.047619
ADEL,BDUL,1,0.035714
ADEL,AVHL,2,0.057143
ADEL,RIGL,18,0.202247
ADEL,RIGR,15,0.137615
ADEL,RMGL,7,0.122807
ADEL,SAADR,1,0.014706
ADEL,AVDL,2,0.007576
ADEL,AVL,1,0.017241
ADEL,RIAL,2,0.004608
ADEL,AVEL,3,0.009901
ADEL,AVAL,7,0.010495
ADEL,AVAR,9,0.013139
ADEL,RMER,1,0.011628
ADEL,RMDL,11,0.063953
ADEL,RIVL,2,0.047619
ADEL,RIVR,2,0.057143
ADEL,RMHL,1,0.014286
ADEL,RMHR,2,0.025000
ADEL,SMBDR,1,0.010000
ADEL,SMBVL,2,0.027778
ADEL,SIBDR,2,0.039216
ADEL,SIADR,2,0.034483
ADEL,VB01,2,0.054054
ADER,ASIR,1,0.166667
ADER,URXR,2,0.026316
ADER,ALNR,1,0.043478
ADER,FLPL,1,0.040000
ADER,FLPR,4,0.363636
ADER,ADEL,3,0.062500
ADER,IL2R,1,0.090909
ADER,CEPDR,5,0.172414
ADER,CEPVR,1,0.017241
ADER,OLLR,3,0.047619
ADER,IL1R,1,0.027778
ADER,URBR,1,0.026316
ADER,ADAR,1,0.021739
ADER,RIGL,12,0.134831
ADER,RIGR,11,0.100917
ADER,RMGR,5,0.135135
ADER,AVJR,1,0.012346
ADER,AVDR,5,0.021186
ADER,RIAR,1,0.002415
ADER,AVER,4,0.013605
ADER,AVAL,9,0.013493
ADER,AVAR,4,0.005839
ADER,RMDL,1,0.005814
ADER,RMDR,6,0.030000
ADER,SMDVR,1,0.006803
PDEL,PVM,3,0.230769
PDEL,DVA,7,0.047945
PDEL,PDER,4,0.086957
PDEL,PVR,2,0.048780
PDEL,AVKL,5,0.053191
PDER,PVM,1,0.076923
PDER,DVA,1,0.006849
PDER,AVKL,16,0.170213
PDER,PVCL,1,0.003534
PDER,PVCR,1,0.003817
PDER,VB02,1,0.062500
PHAL,DVA,2,0.013699
PHAL,PHAR,13,0.812500
PHAL,PHBL,7,0.411765
PHAL,PHBR,10,0.454545
PHAL,PVQL,3,0.063830
PHAL,AVFL,4,0.133333
PHAL,AVHL,4,0.114286
PHAL,AVHR,1,0.043478
PHAL,AVG,11,0.244444
PHAL,AVDR,2,0.008475
PHAL,DA08,3,0.046875
PHAR,DVA,6,0.041096
PHAR,PHAL,11,0.785714
PHAR,PHBL,3,0.176471
PHAR,PHBR,8,0.363636
PHAR,PVQL,4,0.085106
PHAR,PVQR,1,0.029412
PHAR,AVHR,1,0.043478
PHAR,PVPL,3,0.066667
PHAR,AVG,9,0.200000
PHAR,PVT,2,0.060606
PHAR,AVDR,2,0.008475
PHAR,DA08,2,0.031250
PHBL,PHBR,4,0.181818
PHBL,PVNL,1,0.038462
PHBL,AVG,1,0.022222
PHBL,AVDL,6,0.022727
PHBL,AVDR,1,0.004237
PHBL,AVAL,48,0.071964
PHBL,AVAR,33,0.048175
PHBL,PVCL,71,0.250883
PHBL,DA08,1,0.015625
PHBL,AS11,1,0.026316
PHBL,VA12,5,0.080645
PHBR,PHBL,3,0.176471
PHBR,PHCL,1,0.142857
PHBR,PHCR,3,0.500000
PHBR,AVDL,7,0.026515
PHBR,AVDR,5,0.021186
PHBR,AVAL,35,0.052474
PHBR,AVAR,38,0.055474
PHBR,PVCL,39,0.137809
PHBR,PVCR,21,0.080153
PHBR,VA12,1,0.016129
PHCL,DVA,12,0.082192
PHCL,PHAR,1,0.062500
PHCL,PHCR,2,0.333333
PHCL,PVQR,2,0.058824
PHCL,AVHR,1,0.043478
PHCL,LUAL,2,0.090909
PHCL,AVAL,5,0.007496
PHCL,PVCL,7,0.024735
PHCL,DA09,1,0.018182
PHCL,VA12,6,0.096774
PHCR,DVA,22,0.150685
PHCR,PHAR,2,0.125000
PHCR,PHCL,4,0.571429
PHCR,PVQR,4,0.117647
PHCR,AVHR,2,0.086957
PHCR,LUAR,6,0.206897
PHCR,PVCR,25,0.095420
PHCR,DA09,23,0.418182
PHCR,VA12,8,0.129032
IL2DL,IL2DL,2,0.500000
IL2DL,OLQDL,2,0.032258
IL2DL,IL1DL,17,0.303571
IL2DL,RIH,2,0.018182
IL2DL,AUAL,2,0.040000
IL2DL,RIBL,1,0.004587
IL2DL,AVBR,2,0.006024
IL2DL,RIPL,28,0.148148
IL2DL,URADL,8,0.250000
IL2DL,RMEL,11,0.150685
IL2DL,RMER,8,0.093023
IL2DL,RMED,2,0.032258
IL2DL,RMEV,1,0.010989
IL2DL,RMHL,1,0.014286
IL2DR,CEPDR,2,0.068966
IL2DR,OLQDR,2,0.040816
IL2DR,IL1DR,28,0.437500
IL2DR,RICL,1,0.011628
IL2DR,RICR,2,0.019048
IL2DR,RIPL,1,0.005291
IL2DR,RIPR,43,0.185345
IL2DR,URADR,5,0.238095
IL2DR,RMEL,12,0.164384
IL2DR,RMER,11,0.127907
IL2DR,RMED,3,0.048387
IL2DR,RMEV,5,0.054945
IL2L,URXL,3,0.041096
IL2L,ADEL,6,0.125000
IL2L,OLQDL,20,0.322581
IL2L,OLQVL,19,0.237500
IL2L,IL1L,6,0.181818
IL2L,RIH,25,0.227273
IL2L,RICL,1,0.011628
IL2L,AVEL,2,0.006601
IL2L,URAVL,2,0.060606
IL2L,RMER,10,0.116279
IL2L,RMEV,5,0.054945
IL2L,RMDR,3,0.015000
IL2R,URXR,1,0.013158
IL2R,ADER,5,0.138889
IL2R,OLLR,5,0.079365
IL2R,OLQDR,10,0.204082
IL2R,OLQVR,26,0.371429
IL2R,IL1R,2,0.055556
IL2R,RIH,19,0.172727
IL2R,URBR,3,0.078947
IL2R,RMGR,1,0.027027
IL2R,AVER,2,0.006803
IL2R,URADR,2,0.095238
IL2R,URAVR,1,0.037037
IL2R,RMEL,5,0.068493
IL2R,RMEV,2,0.021978
IL2R,RMDL,3,0.017442
IL2VL,BAGR,1,0.026316
IL2VL,IL2L,1,0.066667
IL2VL,OLQVL,6,0.075000
IL2VL,IL1VL,27,0.450000
IL2VL,RIH,5,0.045455
IL2VL,DVC,1,0.033333
IL2VL,RIAL,4,0.009217
IL2VL,RIPL,36,0.190476
IL2VL,URAVL,7,0.212121
IL2VL,RMEL,7,0.095890
IL2VL,RMER,6,0.069767
IL2VL,RMEV,2,0.021978
IL2VR,ADLR,1,0.019608
IL2VR,URXR,1,0.013158
IL2VR,OLQVR,9,0.128571
IL2VR,IL1VR,29,0.460317
IL2VR,RIH,5,0.045455
IL2VR,RIAR,2,0.004831
IL2VR,AVAL,1,0.001499
IL2VR,RIPR,43,0.185345
IL2VR,URAVR,16,0.592593
IL2VR,RMEL,8,0.109589
IL2VR,RMER,17,0.197674
IL2VR,RMED,2,0.032258
IL2VR,RMEV,15,0.164835
IL2VR,SIADR,1,0.017241
CEPDL,AFDL,2,0.071429
CEPDL,ALML,2,0.100000
CEPDL,IL2DL,1,0.250000
CEPDL,CEPDR,1,0.034483
CEPDL,URYDL,7,0.304348
CEPDL,OLLL,8,0.181818
CEPDL,OLQDL,27,0.435484
CEPDL,IL1DL,18,0.321429
CEPDL,AINL,2,0.250000
CEPDL,RIH,1,0.009091
CEPDL,URBL,11,0.647059
CEPDL,RIS,3,0.075000
CEPDL,RIBL,3,0.013761
CEPDL,RMGL,6,0.105263
CEPDL,RICL,11,0.127907
CEPDL,RICR,8,0.076190
CEPDL,AVER,13,0.044218
CEPDL,RIPL,8,0.042328
CEPDL,URADL,8,0.250000
CEPDL,RMDDL,2,0.006452
CEPDL,RMDVL,13,0.046931
CEPDL,RMHL,1,0.014286
CEPDL,RMHR,8,0.100000
CEPDL,SMBDR,5,0.050000
CEPDL,SIBDR,2,0.039216
CEPDL,SIADR,4,0.068966
CEPDR,URXR,2,0.026316
CEPDR,CEPDR,6,0.206897
CEPDR,URYDR,3,0.333333
CEPDR,OLLR,13,0.206349
CEPDR,OLQDR,20,0.408163
CEPDR,IL1DR,15,0.234375
CEPDR,IL1R,1,0.027778
CEPDR,RIH,4,0.036364
CEPDR,URBR,14,0.368421
CEPDR,RIFR,2,0.057143
CEPDR,BDUR,5,0.172414
CEPDR,RIBR,3,0.013274
CEPDR,RMGR,1,0.027027
CEPDR,RICL,13,0.151163
CEPDR,RICR,19,0.180952
CEPDR,AVEL,9,0.029703
CEPDR,URADR,3,0.142857
CEPDR,RMDR,1,0.005000
CEPDR,RMDVR,3,0.011070
CEPDR,RMHL,7,0.100000
CEPDR,RMHR,1,0.012500
CEPDR,SMBDL,1,0.012500
CEPDR,SIBVR,1,0.015152
CEPVL,URXL,2,0.027397
CEPVL,URYVL,5,0.500000
CEPVL,OLLL,4,0.090909
CEPVL,OLQVL,19,0.237500
CEPVL,IL1VL,9,0.150000
CEPVL,PVR,3,0.073171
CEPVL,RIBL,3,0.013761
CEPVL,RMGL,2,0.035088
CEPVL,RICL,20,0.232558
CEPVL,RICR,17,0.161905
CEPVL,RIAL,1,0.002304
CEPVL,AVER,5,0.017007
CEPVL,RIPL,4,0.021164
CEPVL,URAVL,6,0.181818
CEPVL,RMDDL,7,0.022581
CEPVL,RMDVR,8,0.029520
CEPVL,RMHL,10,0.142857
CEPVL,RMHR,5,0.062500
CEPVL,SMDVR,1,0.006803
CEPVL,SMBVL,1,0.013889
CEPVL,SIAVL,6,0.070588
CEPVR,ASGR,2,0.076923
CEPVR,ADLR,3,0.058824
CEPVR,IL2VR,3,0.214286
CEPVR,CEPDR,1,0.034483
CEPVR,URYVR,2,0.100000
CEPVR,OLLR,14,0.222222
CEPVR,OLQVR,11,0.157143
CEPVR,IL1VR,8,0.126984
CEPVR,RICL,13,0.151163
CEPVR,RICR,12,0.114286
CEPVR,RIAL,1,0.002304
CEPVR,RIAR,1,0.002415
CEPVR,AVEL,13,0.042904
CEPVR,RIPR,3,0.012931
CEPVR,URAVR,3,0.111111
CEPVR,RMDDR,4,0.013841
CEPVR,RIVL,2,0.047619
CEPVR,RMHR,15,0.187500
CEPVR,SMDDR,2,0.008403
CEPVR,SMBVR,2,0.025000
CEPVR,SIAVR,7,0.092105
URYDL,OLLL,3,0.068182
URYDL,OLQDL,2,0.032258
URYDL,IL1DL,3,0.053571
URYDL,AIZL,1,0.004831
URYDL,RIBL,8,0.036697
URYDL,AVEL,1,0.003300
URYDL,AVER,9,0.030612
URYDL,RMDDR,15,0.051903
URYDL,RMDVL,18,0.064982
URYDL,SMDDL,2,0.009569
URYDL,SMDDR,3,0.012605
URYDR,AWCL,1,0.017544
URYDR,URXR,1,0.013158
URYDR,CEPDR,3,0.103448
URYDR,OLQDR,1,0.020408
URYDR,IL1DR,5,0.078125
URYDR,RIBR,1,0.004425
URYDR,AVEL,5,0.016502
URYDR,AVER,2,0.006803
URYDR,AVBL,1,0.002967
URYDR,RMED,7,0.112903
URYDR,RMDDL,9,0.029032
URYDR,RMDVR,12,0.044280
URYDR,SMDDL,11,0.052632
URYDR,SMDVR,3,0.020408
URYVL,URXL,2,0.027397
URYVL,CEPVL,3,0.068182
URYVL,OLLL,9,0.204545
URYVL,OLQVL,9,0.112500
URYVL,IL1VL,1,0.016667
URYVL,RIH,2,0.018182
URYVL,RIS,1,0.025000
URYVL,ADAL,1,0.025641
URYVL,RIBL,9,0.041284
URYVL,AVJR,1,0.012346
URYVL,AVDR,2,0.008475
URYVL,RIAL,2,0.004608
URYVL,AVER,23,0.078231
URYVL,RID,4,0.071429
URYVL,AVBR,1,0.003012
URYVL,RMDDL,23,0.074194
URYVL,RMDVR,17,0.062731
URYVL,SMDVR,13,0.088435
URYVL,SIBVL,1,0.015152
URYVL,SIBVR,4,0.060606
URYVR,CEPVR,1,0.017241
URYVR,IL1VR,3,0.047619
URYVR,ADAR,1,0.021739
URYVR,RIBR,19,0.084071
URYVR,AVL,5,0.086207
URYVR,RIAR,2,0.004831
URYVR,AVEL,26,0.085809
URYVR,AVBL,5,0.014837
URYVR,AVAL,2,0.002999
URYVR,RMDDR,32,0.110727
URYVR,RMDL,2,0.011628
URYVR,RMDVL,19,0.068592
URYVR,SMDVL,11,0.079137
URYVR,SMBDR,1,0.010000
URYVR,SIBDR,4,0.078431
URYVR,SIBVL,5,0.075758
OLLL,ADEL,5,0.104167
OLLL,CEPDL,5,0.125000
OLLL,CEPVL,14,0.318182
OLLL,URYDL,2,0.086957
OLLL,URYVL,1,0.100000
OLLL,OLLL,4,0.090909
OLLL,IL1VL,3,0.050000
OLLL,RIBL,24,0.110092
OLLL,AVER,53,0.180272
OLLL,RMEL,5,0.068493
OLLL,RMDDL,22,0.070968
OLLL,RMDL,6,0.034884
OLLL,RMDVL,3,0.010830
OLLL,SMDDL,8,0.038278
OLLL,SMDDR,9,0.037815
OLLL,SMDVR,10,0.068027
OLLR,ADER,2,0.055556
OLLR,IL2R,1,0.090909
OLLR,CEPDR,4,0.137931
OLLR,CEPVR,16,0.275862
OLLR,OLLR,4,0.063492
OLLR,OLQDR,1,0.020408
OLLR,IL1DR,1,0.015625
OLLR,IL1VR,2,0.031746
OLLR,RIS,2,0.050000
OLLR,RIBR,21,0.092920
OLLR,AVEL,39,0.128713
OLLR,RMER,3,0.034884
OLLR,RMED,1,0.016129
OLLR,RMDDR,26,0.089965
OLLR,RMDL,9,0.052326
OLLR,RMDR,2,0.010000
OLLR,RMDVR,6,0.022140
OLLR,SMDDL,3,0.014354
OLLR,SMDDR,1,0.004202
OLLR,SMDVL,11,0.079137
OLLR,SMDVR,4,0.027211
OLQDL,CEPDL,3,0.075000
OLQDL,URYDL,3,0.130435
OLQDL,RIH,3,0.027273
OLQDL,RICR,6,0.057143
OLQDL,RMEL,2,0.027397
OLQDL,RMED,1,0.016129
OLQDL,RMDDL,1,0.003226
OLQDL,RMDDR,10,0.034602
OLQDL,RMHL,1,0.014286
OLQDL,SIBVL,10,0.151515
OLQDR,IL1DR,1,0.015625
OLQDR,RIH,2,0.018182
OLQDR,RICL,2,0.023256
OLQDR,RICR,2,0.019048
OLQDR,RMER,1,0.011628
OLQDR,RMDDL,11,0.035484
OLQDR,RMHR,3,0.037500
OLQDR,SIBVR,6,0.090909
OLQVL,IL2L,1,0.066667
OLQVL,RICL,4,0.046512
OLQVL,AVDR,1,0.004237
OLQVL,AVAL,1,0.001499
OLQVL,RMDVR,14,0.051661
OLQVL,RMHL,2,0.028571
OLQVL,SIBDL,13,0.361111
OLQVL,SIAVL,9,0.105882
OLQVR,IL1VR,2,0.031746
OLQVR,RIH,18,0.163636
OLQVR,RICR,3,0.028571
OLQVR,RIPR,18,0.077586
OLQVR,RMER,2,0.023256
OLQVR,RMDVL,18,0.064982
OLQVR,RMHR,1,0.012500
OLQVR,SIBDR,18,0.352941
IL1DL,IL2DL,1,0.250000
IL1DL,RIPL,11,0.058201
IL1DL,URADL,10,0.312500
IL1DL,RMEL,1,0.013699
IL1DL,RMDDR,3,0.010381
IL1DL,RMDVL,3,0.010830
IL1DR,IL2DR,5,1.000000
IL1DR,URYDR,2,0.222222
IL1DR,OLLR,1,0.015873
IL1DR,IL1DR,1,0.015625
IL1DR,IL1R,2,0.055556
IL1DR,PVR,5,0.121951
IL1DR,RIPR,28,0.120690
IL1DR,URADR,8,0.380952
IL1DR,RMDDL,11,0.035484
IL1DR,RMDVR,32,0.118081
IL1L,ADEL,3,0.062500
IL1L,IL2L,1,0.066667
IL1L,OLLL,1,0.022727
IL1L,URBL,1,0.058824
IL1L,RMGL,1,0.017544
IL1L,AVER,5,0.017007
IL1L,URAVL,4,0.121212
IL1L,RMER,4,0.046512
IL1L,RMDDL,20,0.064516
IL1L,RMDR,9,0.045000
IL1L,RMDVL,22,0.079422
IL1L,RMDVR,5,0.018450
IL1R,URXR,1,0.013158
IL1R,OLLR,1,0.015873
IL1R,AVEL,2,0.006601
IL1R,AVER,5,0.017007
IL1R,RMEL,5,0.068493
IL1R,RMDDL,8,0.025806
IL1R,RMDDR,12,0.041522
IL1R,RMDL,11,0.063953
IL1R,RMDR,4,0.020000
IL1R,RMDVL,8,0.028881
IL1R,RMDVR,17,0.062731
IL1R,RMHL,3,0.042857
IL1VL,URYVL,4,0.400000
IL1VL,OLQVL,2,0.025000
IL1VL,IL1L,3,0.090909
IL1VL,IL1VL,5,0.083333
IL1VL,AVL,1,0.017241
IL1VL,RIPL,13,0.068783
IL1VL,URAVL,4,0.121212
IL1VL,RMDDL,30,0.096774
IL1VL,RMDVR,3,0.011070
IL1VL,RMHL,1,0.014286
IL1VR,IL2VR,2,0.142857
IL1VR,OLLR,1,0.015873
IL1VR,OLQVR,5,0.071429
IL1VR,IL1R,4,0.111111
IL1VR,RIPR,16,0.068966
IL1VR,URAVR,4,0.148148
IL1VR,RMDDR,40,0.138408
IL1VR,RMDVL,5,0.018051
AINL,ASIL,11,0.647059
AINL,ASGR,1,0.038462
AINL,ASEL,1,0.027027
AINL,AFDR,10,0.217391
AINL,BAGL,5,0.116279
AINL,AIAR,1,0.005291
AINL,AUAR,2,0.039216
AINL,RIBL,2,0.009174
AINL,RIBR,3,0.013274
AINL,SAAVL,3,0.057692
AINL,RMFL,1,0.021739
AINL,RID,2,0.035714
AINL,RMDVL,3,0.010830
AINR,ASGL,1,0.058824
AINR,ASEL,1,0.027027
AINR,ASER,3,0.038462
AINR,AFDL,9,0.321429
AINR,AFDR,3,0.065217
AINR,AWCL,2,0.035088
AINR,BAGR,9,0.236842
AINR,URXL,2,0.027397
AINR,URXR,2,0.026316
AINR,CEPDL,2,0.050000
AINR,AINL,1,0.125000
AINR,AINR,1,0.142857
AINR,AIAL,2,0.010870
AINR,AUAL,1,0.020000
AINR,AUAR,2,0.039216
AINR,RIBL,8,0.036697
AINR,AIBL,2,0.007752
AINR,RID,2,0.035714
AIML,ASJL,2,0.153846
AIML,ASGL,8,0.470588
AIML,ASKL,7,0.148936
AIML,URXL,1,0.013699
AIML,ALML,1,0.050000
AIML,CEPDL,3,0.075000
AIML,AIAL,11,0.059783
AIML,PVQL,1,0.021277
AIML,RIFL,2,0.095238
AIML,AVFL,5,0.166667
AIML,AVFR,4,0.129032
AIML,AVHL,2,0.057143
AIML,AVHR,1,0.043478
AIML,RMGL,3,0.052632
AIML,AVJL,1,0.011236
AIML,AVDL,1,0.003788
AIML,RID,2,0.035714
AIML,SMBVL,4,0.055556
AIMR,ASJR,4,0.500000
AIMR,ASGR,6,0.230769
AIMR,ADFR,2,0.041667
AIMR,ASKR,4,0.160000
AIMR,URXR,5,0.065789
AIMR,CEPVR,1,0.017241
AIMR,OLQDR,1,0.020408
AIMR,AIMR,1,0.066667
AIMR,AIAR,10,0.052910
AIMR,ALA,2,0.166667
AIMR,RIFR,3,0.085714
AIMR,BDUR,2,0.068966
AIMR,AVFL,3,0.100000
AIMR,AVFR,4,0.129032
AIMR,AVHR,2,0.086957
AIMR,PVNR,1,0.026316
AIMR,RMGR,4,0.108108
AIMR,AVJR,1,0.012346
AIMR,AVDR,2,0.008475
AIMR,AVAR,1,0.001460
AIMR,RMDR,1,0.005000
RIH,ADFR,3,0.062500
RIH,BAGL,2,0.046512
RIH,BAGR,5,0.131579
RIH,IL2L,2,0.133333
RIH,IL2R,3,0.272727
RIH,IL2VL,4,1.000000
RIH,IL2VR,5,0.357143
RIH,CEPDL,6,0.150000
RIH,CEPVL,3,0.068182
RIH,CEPVR,6,0.103448
RIH,URYVR,4,0.200000
RIH,OLQDL,11,0.177419
RIH,OLQDR,7,0.142857
RIH,OLQVL,13,0.162500
RIH,OLQVR,7,0.100000
RIH,AIYL,3,0.024793
RIH,AIYR,4,0.030769
RIH,AUAR,2,0.039216
RIH,AIZL,12,0.057971
RIH,AIZR,19,0.094059
RIH,RIBL,18,0.082569
RIH,RIBR,15,0.066372
RIH,RIAL,34,0.078341
RIH,RIAR,36,0.086957
RIH,RIPL,18,0.095238
RIH,RIPR,7,0.030172
RIH,URAVR,1,0.037037
RIH,RMER,6,0.069767
RIH,RMEV,10,0.109890
URBL,URXL,26,0.356164
URBL,CEPDL,2,0.050000
URBL,URYDL,1,0.043478
URBL,OLLL,1,0.022727
URBL,IL1L,10,0.303030
URBL,URBL,1,0.058824
URBL,ADAL,3,0.076923
URBL,PVR,1,0.024390
URBL,RICL,1,0.011628
URBL,RICR,1,0.009524
URBL,AVBL,1,0.002967
URBL,RMDDR,2,0.006920
URBL,RMHR,5,0.062500
URBL,SMBDR,3,0.030000
URBL,SIADR,2,0.034483
URBL,SIAVL,2,0.023529
URBR,ADLR,2,0.039216
URBR,URXR,16,0.210526
URBR,ADER,1,0.027778
URBR,IL2R,3,0.272727
URBR,CEPDR,1,0.034483
URBR,CEPVR,4,0.068966
URBR,OLLR,1,0.015873
URBR,OLQDR,2,0.040816
URBR,IL1DR,2,0.031250
URBR,IL1R,5,0.138889
URBR,ADAR,5,0.108696
URBR,RMGR,8,0.216216
URBR,RICL,1,0.011628
URBR,RICR,1,0.009524
URBR,AVDL,1,0.003788
URBR,AVBR,1,0.003012
URBR,RMDL,1,0.005814
URBR,RMDR,1,0.005000
URBR,SMBDL,4,0.050000
URBR,SMBVR,1,0.012500
URBR,SIBDR,2,0.039216
URBR,SIBVR,2,0.030303
URBR,SIADL,3,0.056604
URBR,SIAVR,3,0.039474
RIR,AWBR,1,0.062500
RIR,ADFL,1,0.023810
RIR,ADFR,4,0.083333
RIR,AFDR,1,0.021739
RIR,ASHL,1,0.066667
RIR,ASHR,1,0.025641
RIR,BAGR,1,0.026316
RIR,URXL,9,0.123288
RIR,URXR,6,0.078947
RIR,AQR,2,0.062500
RIR,DVA,9,0.061644
RIR,AIMR,1,0.066667
RIR,AUAL,7,0.140000
RIR,AIZL,12,0.057971
RIR,AIZR,15,0.074257
RIR,ADAR,1,0.021739
RIR,PVPL,2,0.044444
RIR,PVPR,1,0.041667
RIR,RIGL,2,0.022472
RIR,RIGR,4,0.036697
RIR,RMGL,1,0.017544
RIR,RMGR,1,0.027027
RIR,RIAL,11,0.025346
RIR,RIAR,4,0.009662
RIR,AVEL,4,0.013201
AIYL,AWAL,14,0.777778
AIYL,ASER,1,0.012821
AIYL,AFDL,2,0.071429
AIYL,AWCL,5,0.087719
AIYL,AWCR,3,0.048387
AIYL,RIH,1,0.009091
AIYL,RIR,1,0.014925
AIYL,AIZL,67,0.323671
AIYL,RIBL,42,0.192661
AIYL,AIBL,3,0.011628
AIYL,RIAL,51,0.117512
AIYR,AWAR,1,0.055556
AIYR,ASGR,2,0.076923
AIYR,AWBR,1,0.062500
AIYR,ASEL,2,0.054054
AIYR,ASER,4,0.051282
AIYR,ADFR,1,0.020833
AIYR,AFDR,1,0.021739
AIYR,BAGR,1,0.026316
AIYR,AINL,1,0.125000
AIYR,AIYL,7,0.057851
AIYR,AIZR,70,0.346535
AIYR,RIBR,60,0.265487
AIYR,RIAR,50,0.120773
AIYR,RIVR,1,0.028571
AIAL,ASJL,4,0.307692
AIAL,ASGL,1,0.058824
AIAL,ASEL,5,0.135135
AIAL,ASER,10,0.128205
AIAL,ADFL,2,0.047619
AIAL,AWCL,1,0.017544
AIAL,AWCR,6,0.096774
AIAL,ASKL,9,0.191489
AIAL,ASHL,1,0.066667
AIAL,ADLL,1,0.055556
AIAL,AIML,6,0.300000
AIAL,RIR,2,0.029851
AIAL,AIZL,4,0.019324
AIAL,PVQL,1,0.021277
AIAL,ADAL,1,0.025641
AIAL,RIFL,10,0.476190
AIAL,RMGL,2,0.035088
AIAL,AIBL,35,0.135659
AIAR,ASIR,2,0.333333
AIAR,AWAR,4,0.222222
AIAR,ASGR,5,0.192308
AIAR,ASER,5,0.064103
AIAR,AWCL,6,0.105263
AIAR,AWCR,6,0.096774
AIAR,ASKR,1,0.040000
AIAR,ADLR,10,0.196078
AIAR,AIAR,1,0.005291
AIAR,AIZR,2,0.009901
AIAR,ADAR,4,0.086957
AIAR,RIFR,10,0.285714
AIAR,AIBR,33,0.115385
AUAL,ADFL,1,0.023810
AUAL,BAGR,3,0.078947
AUAL,URXL,1,0.013699
AUAL,DVA,2,0.013699
AUAL,AIYL,1,0.008264
AUAL,AIZL,2,0.009662
AUAL,RIBL,35,0.160550
AUAL,AIBR,1,0.003497
AUAL,AVDR,2,0.008475
AUAL,RIAL,21,0.048387
AUAL,AVEL,9,0.029703
AUAL,AVAL,11,0.016492
AUAR,BAGL,1,0.023256
AUAR,URXR,5,0.065789
AUAR,AINL,1,0.125000
AUAR,AINR,1,0.142857
AUAR,AIYR,1,0.007692
AUAR,AIZR,2,0.009901
AUAR,RIBR,31,0.137168
AUAR,RIAR,22,0.053140
AUAR,AVER,13,0.044218
AUAR,AVAR,3,0.004380
AIZL,ASEL,4,0.108108
AIZL,ADFL,1,0.023810
AIZL,AFDL,1,0.035714
AIZL,AWCR,2,0.032258
AIZL,DVA,1,0.006849
AIZL,URYDL,3,0.130435
AIZL,AIAL,12,0.065217
AIZL,RIGL,4,0.044944
AIZL,AIBL,10,0.038760
AIZL,AIBR,53,0.185315
AIZL,RICR,11,0.104762
AIZL,AVKR,4,0.052632
AIZL,RIAL,29,0.066820
AIZL,RIML,35,0.164319
AIZL,AVEL,3,0.009901
AIZL,AVER,26,0.088435
AIZL,SMDVL,3,0.021583
AIZL,SMBDL,24,0.300000
AIZL,SMBVL,21,0.291667
AIZL,VB02,1,0.062500
AIZR,AWAR,1,0.055556
AIZR,ASER,2,0.025641
AIZR,ADFR,1,0.020833
AIZR,AWCR,2,0.032258
AIZR,DVA,3,0.020548
AIZR,AIAR,5,0.026455
AIZR,AIBL,50,0.193798
AIZR,AIBR,3,0.010490
AIZR,RIAR,25,0.060386
AIZR,RIMR,34,0.136546
AIZR,AVEL,28,0.092409
AIZR,AVER,1,0.003401
AIZR,SMDDR,4,0.016807
AIZR,SMBDR,17,0.170000
AIZR,SMBVR,10,0.125000
AIZR,SIADR,1,0.017241
RIS,CEPDL,4,0.100000
RIS,CEPDR,1,0.034483
RIS,CEPVL,7,0.159091
RIS,CEPVR,4,0.068966
RIS,URYDR,1,0.111111
RIS,URYVR,5,0.250000
RIS,OLLR,5,0.079365
RIS,RIS,3,0.075000
RIS,RIBL,8,0.036697
RIS,RIBR,18,0.079646
RIS,AVKL,6,0.063830
RIS,AVKR,13,0.171053
RIS,AVL,9,0.155172
RIS,RIML,10,0.046948
RIS,RIMR,15,0.060241
RIS,AVEL,17,0.056106
RIS,AVER,18,0.061224
RIS,RMEV,3,0.032967
RIS,RMDDL,1,0.003226
RIS,RMDDR,1,0.003460
RIS,RMDL,10,0.058140
RIS,RMDR,16,0.080000
RIS,SMDDL,1,0.004785
RIS,SMDDR,6,0.025210
RIS,SMDVL,1,0.007194
RIS,SMDVR,1,0.006803
ALA,ASJR,4,0.500000
ALA,PVDL,75,0.882353
ALA,PVDR,75,0.815217
ALA,AVDR,1,0.004237
ALA,RIAR,2,0.004831
ALA,AVEL,8,0.026403
ALA,AVER,4,0.013605
ALA,RMDR,3,0.015000
PVQL,ASJL,3,0.230769
PVQL,AWAL,1,0.055556
PVQL,ASKL,12,0.255319
PVQL,AIAL,10,0.054348
PVQL,AVHR,1,0.043478
PVQL,PVPL,1,0.022222
PVQL,RMGL,1,0.017544
PVQL,DA08,1,0.015625
PVQL,DD06,1,0.006803
PVQR,ASJL,1,0.076923
PVQR,AWAR,4,0.222222
PVQR,ASER,2,0.025641
PVQR,ASKR,6,0.240000
PVQR,AIMR,2,0.133333
PVQR,AIAL,1,0.005435
PVQR,AIAR,12,0.063492
PVQR,RIFR,4,0.114286
PVQR,AVFR,1,0.032258
PVQR,RMGR,1,0.027027
PVQR,DVC,1,0.033333
PVQR,PVT,1,0.030303
PVQR,AVL,2,0.034483
PVQR,AVBR,1,0.003012
PVQR,DD01,1,0.005814
PVQR,DD06,2,0.013605
PVQR,VD01,1,0.016393
ADAL,ADLL,2,0.111111
ADAL,URXL,2,0.027397
ADAL,AIAL,2,0.010870
ADAL,ADAL,6,0.153846
ADAL,PVPL,1,0.022222
ADAL,AIBL,2,0.007752
ADAL,AIBR,2,0.006993
ADAL,RICL,3,0.034884
ADAL,RICR,1,0.009524
ADAL,AVJR,11,0.135802
ADAL,AVDL,1,0.003788
ADAL,AVDR,2,0.008475
ADAL,RIML,9,0.042254
ADAL,AVEL,3,0.009901
ADAL,AVBL,5,0.014837
ADAL,AVBR,21,0.063253
ADAL,AVAL,3,0.004498
ADAL,AVAR,7,0.010219
ADAL,RIPL,4,0.021164
ADAL,URAVL,1,0.030303
ADAL,SMDVR,3,0.020408
ADAR,ASHR,2,0.051282
ADAR,URXR,2,0.026316
ADAR,URYDR,2,0.222222
ADAR,RIFR,1,0.028571
ADAR,PVR,6,0.146341
ADAR,AIBL,1,0.003876
ADAR,AIBR,3,0.010490
ADAR,AVJL,13,0.146067
ADAR,AVDL,2,0.007576
ADAR,AVDR,3,0.012712
ADAR,RIMR,15,0.060241
ADAR,AVEL,1,0.003300
ADAR,AVBL,8,0.023739
ADAR,AVBR,15,0.045181
ADAR,AVAR,8,0.011679
ADAR,RIPR,9,0.038793
ADAR,RIVR,5,0.142857
ADAR,SMDVL,1,0.007194
RIFL,ALML,5,0.250000
RIFL,AVHR,1,0.043478
RIFL,PVPL,8,0.177778
RIFL,AVJR,8,0.098765
RIFL,RIML,7,0.032864
RIFL,AVBL,26,0.077151
RIFL,AVBR,1,0.003012
RIFR,AWBR,2,0.125000
RIFR,ASHR,6,0.153846
RIFR,ADLR,1,0.019608
RIFR,URXR,3,0.039474
RIFR,CEPVR,2,0.034483
RIFR,AIZL,1,0.004831
RIFR,RIFL,1,0.047619
RIFR,AVFL,1,0.033333
RIFR,PVPR,6,0.250000
RIFR,AVJL,2,0.022472
RIFR,AVJR,2,0.024691
RIFR,RIAR,1,0.002415
RIFR,RIMR,10,0.040161
RIFR,AVBL,1,0.002967
RIFR,AVBR,35,0.105422
RIFR,PVCL,1,0.003534
RIFR,PVCR,1,0.003817
RIFR,RIPR,2,0.008621
BDUL,ALML,1,0.050000
BDUL,ADEL,6,0.125000
BDUL,ADAL,2,0.051282
BDUL,RIFL,2,0.095238
BDUL,AVHL,2,0.057143
BDUL,PVNL,2,0.076923
BDUL,PVNR,4,0.105263
BDUL,RMGL,3,0.052632
BDUL,SAADL,3,0.040000
BDUL,AVJR,2,0.024691
BDUL,URADL,3,0.093750
BDUR,SDQL,2,0.064516
BDUR,ALMR,4,0.500000
BDUR,ADER,4,0.111111
BDUR,CEPVR,1,0.017241
BDUR,AVHL,2,0.057143
BDUR,PVNL,11,0.423077
BDUR,PVNR,5,0.131579
BDUR,AVJL,5,0.056180
BDUR,AVBR,1,0.003012
BDUR,AVAL,7,0.010495
BDUR,PVCL,3,0.010601
BDUR,URADR,3,0.142857
PVR,SDQR,5,0.185185
PVR,ALMR,2,0.250000
PVR,PVM,1,0.076923
PVR,DVA,2,0.013699
PVR,PDER,1,0.021739
PVR,CEPVR,2,0.034483
PVR,IL1DR,5,0.078125
PVR,IL1VL,9,0.150000
PVR,IL1VR,9,0.142857
PVR,ADAR,1,0.021739
PVR,PVR,1,0.024390
PVR,AVKL,1,0.010638
PVR,AVJL,11,0.123596
PVR,AVJR,5,0.061728
PVR,AVBL,17,0.050445
PVR,AVBR,17,0.051205
PVR,PVCL,4,0.014134
PVR,RIPL,16,0.084656
PVR,RIPR,19,0.081897
PVR,URADL,3,0.093750
PVR,SABD,2,0.043478
PVR,DA05,1,0.025641
PVR,DA09,2,0.036364
PVR,DB02,2,0.111111
PVR,DB03,3,0.142857
PVR,DB04,1,0.055556
PVR,DB07,2,0.071429
PVR,VB03,2,0.111111
PVR,VB07,1,0.111111
AVFL,PDER,1,0.021739
AVFL,AIML,1,0.050000
AVFL,PVQL,1,0.021277
AVFL,PVQR,1,0.029412
AVFL,RIFL,1,0.047619
AVFL,RIFR,1,0.028571
AVFL,AVFR,12,0.387097
AVFL,AVHL,4,0.114286
AVFL,AVHR,1,0.043478
AVFL,PVNL,1,0.038462
AVFL,AVG,5,0.111111
AVFL,DVB,1,0.500000
AVFL,AVJL,2,0.022472
AVFL,AVL,5,0.086207
AVFL,AVBL,4,0.011869
AVFL,AVBR,1,0.003012
AVFL,SMBVL,1,0.013889
AVFL,AS10,1,0.047619
AVFL,VB01,2,0.054054
AVFL,VB02,2,0.125000
AVFR,ASHR,1,0.025641
AVFR,PVDL,1,0.011765
AVFR,AIML,1,0.050000
AVFR,AIAL,1,0.005435
AVFR,PVQL,2,0.042553
AVFR,AVFL,7,0.233333
AVFR,AVHL,3,0.085714
AVFR,AVHR,3,0.130435
AVFR,PVPR,1,0.041667
AVFR,AVG,1,0.022222
AVFR,RMGL,1,0.017544
AVFR,AVJL,5,0.056180
AVFR,AVJR,1,0.012346
AVFR,AVBL,6,0.017804
AVFR,AVBR,6,0.018072
AVFR,AVAL,1,0.001499
AVFR,PVCR,1,0.003817
AVFR,RMDDL,1,0.003226
AVFR,VA02,1,0.022727
AVFR,VD11,1,0.015152
AVHL,AWBR,3,0.187500
AVHL,ADFR,5,0.104167
AVHL,ASHR,1,0.025641
AVHL,RIR,2,0.029851
AVHL,PVQR,3,0.088235
AVHL,RIFR,1,0.028571
AVHL,BDUR,1,0.034483
AVHL,AVFL,1,0.033333
AVHL,AVFR,5,0.161290
AVHL,AVHR,1,0.043478
AVHL,PVPL,1,0.022222
AVHL,PVPR,2,0.083333
AVHL,AVJL,4,0.044944
AVHL,AVJR,1,0.012346
AVHL,AVDL,1,0.003788
AVHL,RIMR,1,0.004016
AVHL,AVBL,2,0.005935
AVHL,AVBR,1,0.003012
AVHL,AVAR,1,0.001460
AVHL,SABD,1,0.021739
AVHL,SMBDR,4,0.040000
AVHL,SMBVR,4,0.050000
AVHL,DD01,1,0.005814
AVHL,VD01,1,0.016393
AVHR,AWBL,1,0.047619
AVHR,ASKR,1,0.040000
AVHR,ADLR,3,0.058824
AVHR,AQR,1,0.031250
AVHR,DVA,1,0.006849
AVHR,RIR,8,0.119403
AVHR,AVFL,2,0.066667
AVHR,AVFR,2,0.064516
AVHR,AVHL,1,0.028571
AVHR,PVPL,9,0.200000
AVHR,AVG,1,0.022222
AVHR,RIGL,1,0.011236
AVHR,AVJR,5,0.061728
AVHR,AVDR,1,0.004237
AVHR,AVBL,3,0.008902
AVHR,AVBR,1,0.003012
AVHR,AVAL,1,0.001499
AVHR,SMBDL,3,0.037500
AVHR,SMBVL,1,0.013889
PVPL,AQR,8,0.250000
PVPL,PVDL,1,0.011765
PVPL,RIR,1,0.014925
PVPL,ADAL,1,0.025641
PVPL,AVHR,3,0.130435
PVPL,RIGL,3,0.033708
PVPL,AVDR,3,0.012712
PVPL,AVBL,13,0.038576
PVPL,AVBR,12,0.036145
PVPL,AVAL,4,0.005997
PVPL,AVAR,3,0.004380
PVPL,PVCL,3,0.010601
PVPL,PVCR,9,0.034351
PVPR,ADFR,2,0.041667
PVPR,ASHR,2,0.051282
PVPR,URXR,1,0.013158
PVPR,AQR,5,0.156250
PVPR,PVQR,1,0.029412
PVPR,AVHL,3,0.085714
PVPR,AVG,1,0.022222
PVPR,RIGR,2,0.018349
PVPR,DVC,3,0.100000
PVPR,AVJL,2,0.022472
PVPR,AVL,4,0.068966
PVPR,RIAR,2,0.004831
PVPR,RIMR,1,0.004016
PVPR,AVBL,8,0.023739
PVPR,AVBR,11,0.033133
PVPR,AVAL,1,0.001499
PVPR,AVAR,5,0.007299
PVPR,PVCL,6,0.021201
PVPR,PVCR,13,0.049618
PVPR,DD02,1,0.009009
LUAL,PHBL,2,0.117647
LUAL,PVNL,1,0.038462
LUAL,AVJL,4,0.044944
LUAL,AVJR,1,0.012346
LUAL,AVDL,27,0.102273
LUAL,AVDR,6,0.025424
LUAL,PVWL,1,0.050000
LUAL,AVAL,27,0.040480
LUAL,AVAR,23,0.033577
LUAR,PQR,7,0.368421
LUAR,PVR,2,0.048780
LUAR,PVNL,1,0.038462
LUAR,AVJR,4,0.049383
LUAR,AVDL,5,0.018939
LUAR,AVDR,14,0.059322
LUAR,PVWL,3,0.150000
LUAR,PVWR,2,0.250000
LUAR,AVAL,13,0.019490
LUAR,AVAR,31,0.045255
LUAR,PVCR,9,0.034351
LUAR,PDB,2,1.000000
PVNL,PQR,5,0.263158
PVNL,PVDL,3,0.035294
PVNL,BDUL,5,0.178571
PVNL,BDUR,2,0.068966
PVNL,PVPR,1,0.041667
PVNL,LUAL,3,0.136364
PVNL,PVNR,9,0.236842
PVNL,AVG,2,0.044444
PVNL,AVJL,6,0.067416
PVNL,AVJR,8,0.098765
PVNL,PVT,6,0.181818
PVNL,AVDL,7,0.026515
PVNL,AVDR,6,0.025424
PVNL,AVL,1,0.017241
PVNL,PVWL,4,0.200000
PVNL,PVWR,1,0.125000
PVNL,AVBR,2,0.006024
PVNL,AVAL,6,0.008996
PVNL,PVCL,5,0.017668
PVNL,DD01,5,0.029070
PVNL,VA12,1,0.016129
PVNL,VD12,1,0.010989
PVNR,URXL,2,0.027397
PVNR,PQR,4,0.210526
PVNR,ALML,2,0.100000
PVNR,PVDR,5,0.054348
PVNR,CEPDL,2,0.050000
PVNR,URBL,2,0.117647
PVNR,BDUL,1,0.035714
PVNR,PVR,1,0.024390
PVNR,PVNR,1,0.026316
PVNR,AVJL,1,0.011236
PVNR,AVJR,1,0.012346
PVNR,PVT,3,0.090909
PVNR,AVDL,1,0.003788
PVNR,AVDR,2,0.008475
PVNR,AVL,3,0.051724
PVNR,PVWL,9,0.450000
PVNR,PVWR,2,0.250000
PVNR,AVEL,5,0.016502
PVNR,AVBR,1,0.003012
PVNR,AVAL,5,0.007496
PVNR,PVCR,2,0.007634
PVNR,DB03,1,0.047619
PVNR,DD02,1,0.009009
PVNR,VA05,1,0.050000
PVNR,VA11,1,0.025641
PVNR,VD03,3,0.021739
PVNR,VD04,6,0.061856
PVNR,VD06,1,0.009434
PVNR,VD07,1,0.009615
PVNR,VD12,1,0.010989
PVNR,VD13,1,0.016393
AVG,PHAL,3,0.214286
AVG,PVQR,2,0.058824
AVG,AVFL,3,0.100000
AVG,PVNL,2,0.076923
AVG,PVNR,4,0.105263
AVG,AVG,2,0.044444
AVG,DVC,2,0.066667
AVG,AVJL,7,0.078652
AVG,AVJR,3,0.037037
AVG,PVT,2,0.060606
AVG,AVDL,1,0.003788
AVG,AVDR,3,0.012712
AVG,AVEL,2,0.006601
AVG,AVER,1,0.003401
AVG,AVBL,5,0.014837
AVG,AVBR,3,0.009036
AVG,AVAL,3,0.004498
AVG,AVAR,3,0.004380
AVG,PVCL,1,0.003534
AVG,PVCR,2,0.007634
AVG,DA08,1,0.015625
AVG,VA06,1,0.037037
DVB,PHCL,2,0.285714
DVB,PVPL,10,0.222222
DVB,DVC,5,0.166667
DVB,AVL,21,0.362069
DVB,DA08,10,0.156250
DVB,PDA,2,1.000000
DVB,DD06,10,0.068027
DVB,VD13,1,0.016393
RIBL,BAGR,3,0.078947
RIBL,CEPVL,5,0.113636
RIBL,URYDL,3,0.130435
RIBL,AUAL,9,0.180000
RIBL,RIS,5,0.125000
RIBL,RIGL,1,0.011236
RIBL,AIBR,8,0.027972
RIBL,DVC,1,0.033333
RIBL,AVDR,4,0.016949
RIBL,RIAL,6,0.013825
RIBL,RIML,1,0.004695
RIBL,AVEL,9,0.029703
RIBL,AVER,14,0.047619
RIBL,AVBR,1,0.003012
RIBL,AVAL,5,0.007496
RIBL,RMDR,1,0.005000
RIBL,SMDVR,6,0.040816
RIBR,BAGL,8,0.186047
RIBR,URYVR,2,0.100000
RIBR,OLLR,1,0.015873
RIBR,AINL,1,0.125000
RIBR,RIH,2,0.018182
RIBR,AUAR,2,0.039216
RIBR,AIZR,2,0.009901
RIBR,RIS,1,0.025000
RIBR,RIGR,5,0.045872
RIBR,AIBL,3,0.011628
RIBR,RIAR,8,0.019324
RIBR,AVEL,6,0.019802
RIBR,AVER,4,0.013605
RIBR,AVBL,2,0.005935
RIBR,AVAR,6,0.008759
RIBR,RMED,1,0.016129
RIBR,RMDVR,1,0.003690
RIBR,SMDDL,2,0.009569
RIBR,SMDVL,2,0.014388
RIBR,SMDVR,2,0.013605
RIGL,ADFL,1,0.023810
RIGL,ADLL,2,0.111111
RIGL,BAGR,3,0.078947
RIGL,URXL,6,0.082192
RIGL,ALNL,6,0.428571
RIGL,DVA,1,0.006849
RIGL,OLQVL,2,0.025000
RIGL,RIH,2,0.018182
RIGL,RIR,8,0.119403
RIGL,AIZL,10,0.048309
RIGL,AIZR,2,0.009901
RIGL,PVPL,2,0.044444
RIGL,RIBL,3,0.013761
RIGL,RMGL,6,0.105263
RIGL,AIBR,4,0.013986
RIGL,AVKR,17,0.223684
RIGL,AVEL,7,0.023102
RIGL,AVER,1,0.003401
RIGL,RMHR,23,0.287500
RIGR,AFDR,1,0.021739
RIGR,BAGL,2,0.046512
RIGR,URXR,3,0.039474
RIGR,ALNR,3,0.130435
RIGR,DVA,4,0.027397
RIGR,URYVR,2,0.100000
RIGR,OLQVR,2,0.028571
RIGR,RIR,5,0.074627
RIGR,AIZR,5,0.024752
RIGR,RIBR,2,0.008850
RIGR,AIBL,2,0.007752
RIGR,AVKL,21,0.223404
RIGR,AVKR,5,0.065789
RIGR,DVC,2,0.066667
RIGR,PVT,5,0.151515
RIGR,AVDL,1,0.003788
RIGR,RIAR,3,0.007246
RIGR,AVER,4,0.013605
RIGR,RMHL,17,0.242857
RMGL,ASHL,1,0.066667
RMGL,ADLL,1,0.055556
RMGL,URXL,3,0.041096
RMGL,CEPDL,1,0.025000
RMGL,AIML,3,0.150000
RMGL,ADAL,4,0.102564
RMGL,RIFL,1,0.047619
RMGL,AVFR,1,0.032258
RMGL,PVPL,1,0.022222
RMGL,AIBR,2,0.006993
RMGL,SAADL,1,0.013333
RMGL,AVEL,2,0.006601
RMGL,RID,2,0.035714
RMGL,AVBR,3,0.009036
RMGL,AVAL,3,0.004498
RMGL,RMDDR,1,0.003460
RMGL,RMDL,2,0.011628
RMGL,RMDR,16,0.080000
RMGL,RMDVL,15,0.054152
RMGL,RMHL,1,0.014286
RMGL,RMHR,4,0.050000
RMGL,SMDDL,1,0.004785
RMGL,SMDDR,2,0.008403
RMGL,SMBVL,2,0.027778
RMGL,SIBDR,1,0.019608
RMGL,SIBVL,4,0.060606
RMGL,SIBVR,4,0.060606
RMGL,SIADL,2,0.037736
RMGL,SIADR,2,0.034483
RMGL,SIAVL,4,0.047059
RMGR,ASHR,1,0.025641
RMGR,URXR,3,0.039474
RMGR,ALNR,4,0.173913
RMGR,ALMR,1,0.125000
RMGR,ADER,2,0.055556
RMGR,IL2R,2,0.181818
RMGR,OLLR,1,0.015873
RMGR,AIMR,2,0.133333
RMGR,RIR,1,0.014925
RMGR,ADAR,2,0.043478
RMGR,RIGR,2,0.018349
RMGR,SAADL,3,0.040000
RMGR,SAAVR,1,0.021739
RMGR,AVJL,4,0.044944
RMGR,AVDL,2,0.007576
RMGR,AVER,6,0.020408
RMGR,AVBL,2,0.005935
RMGR,AVBR,3,0.009036
RMGR,AVAL,1,0.001499
RMGR,RMDDL,1,0.003226
RMGR,RMDL,20,0.116279
RMGR,RMDR,7,0.035000
RMGR,RMDVR,23,0.084871
RMGR,SMBVR,1,0.012500
RMGR,SIBDL,2,0.055556
RMGR,SIADL,1,0.018868
RMGR,SIAVR,2,0.026316
AIBL,ASHL,1,0.066667
AIBL,ASHR,3,0.076923
AIBL,FLPL,1,0.040000
AIBL,AIZR,7,0.034653
AIBL,RIFL,1,0.047619
AIBL,RIBR,16,0.070796
AIBL,RIGR,5,0.045872
AIBL,AIBL,2,0.007752
AIBL,SAADL,6,0.080000
AIBL,SAADR,10,0.147059
AIBL,SAAVL,3,0.057692
AIBL,SAAVR,1,0.021739
AIBL,RIML,1,0.004695
AIBL,RIMR,56,0.224900
AIBL,AVEL,1,0.003300
AIBL,RMFR,6,0.127660
AIBL,AVBL,21,0.062315
AIBL,AVAL,5,0.007496
AIBL,SMDDR,16,0.067227
AIBL,SMDVR,4,0.027211
AIBL,SIBVR,2,0.030303
AIBL,SIADR,2,0.034483
AIBL,SIAVR,2,0.026316
AIBR,AWCR,1,0.016129
AIBR,ADLR,1,0.019608
AIBR,AQR,1,0.031250
AIBR,DVA,1,0.006849
AIBR,AIYR,1,0.007692
AIBR,AIAR,1,0.005291
AIBR,AUAL,1,0.020000
AIBR,RIBL,11,0.050459
AIBR,RIGL,1,0.011236
AIBR,RICR,1,0.009524
AIBR,SAADL,2,0.026667
AIBR,SAADR,2,0.029412
AIBR,SAAVR,1,0.021739
AIBR,RIAL,2,0.004608
AIBR,RIML,47,0.220657
AIBR,RIMR,5,0.020080
AIBR,AVEL,4,0.013201
AIBR,RMFL,1,0.021739
AIBR,AVBR,13,0.039157
AIBR,AVAR,2,0.002920
AIBR,SMDDL,17,0.081340
AIBR,SMDVL,7,0.050360
AIBR,SIBDL,1,0.027778
AIBR,SIBDR,1,0.019608
AIBR,SIADL,1,0.018868
AIBR,VB01,3,0.081081
RICL,ADLR,2,0.039216
RICL,CEPDL,1,0.025000
RICL,CEPVL,2,0.045455
RICL,OLQVL,1,0.012500
RICL,URBR,2,0.052632
RICL,ADAL,1,0.025641
RICL,ADAR,7,0.152174
RICL,RICR,2,0.019048
RICL,SAAVL,2,0.038462
RICL,RIML,1,0.004695
RICL,RIMR,8,0.032129
RICL,RMFR,2,0.042553
RICL,AVAL,15,0.022489
RICL,AVAR,18,0.026277
RICL,RIVR,4,0.114286
RICL,SMDDL,11,0.052632
RICL,SMDDR,8,0.033613
RICL,SMDVR,1,0.006803
RICL,SMBDL,5,0.062500
RICL,SMBDR,1,0.010000
RICR,CEPDL,1,0.025000
RICR,CEPDR,1,0.034483
RICR,URBR,2,0.052632
RICR,AIZL,6,0.028986
RICR,ADAR,2,0.043478
RICR,RMGL,1,0.017544
RICR,AIBL,2,0.007752
RICR,AIBR,2,0.006993
RICR,RICL,3,0.034884
RICR,AVKR,1,0.013158
RICR,RIML,10,0.046948
RICR,RIMR,1,0.004016
RICR,RMFL,1,0.021739
RICR,AVAL,15,0.022489
RICR,AVAR,13,0.018978
RICR,RIVL,1,0.023810
RICR,SMDDL,9,0.043062
RICR,SMDDR,9,0.037815
RICR,SMDVL,6,0.043165
RICR,SMDVR,3,0.020408
RICR,SMBDR,3,0.030000
RICR,VB01,7,0.189189
SAADL,OLLR,4,0.063492
SAADL,RIGL,1,0.011236
SAADL,AIBL,1,0.003876
SAADL,RIML,11,0.051643
SAADL,RIMR,16,0.064257
SAADL,RMFR,1,0.021277
SAADL,AVAL,17,0.025487
SAADL,RMDVR,1,0.003690
SAADL,RIVR,1,0.028571
SAADL,SABD,2,0.043478
SAADL,SIBVR,1,0.015152
SAADR,PLNR,1,0.062500
SAADR,OLLL,3,0.068182
SAADR,RMGL,1,0.017544
SAADR,AIBL,1,0.003876
SAADR,AIBR,1,0.003497
SAADR,RIML,14,0.065728
SAADR,RIMR,23,0.092369
SAADR,RMFL,5,0.108696
SAADR,RMFR,1,0.021277
SAADR,AVAL,1,0.001499
SAADR,AVAR,26,0.037956
SAADR,SABD,2,0.043478
SAADR,SMDVL,5,0.035971
SAADR,SMBDR,2,0.020000
SAADR,SMBVR,1,0.012500
SAAVL,OLLR,1,0.015873
SAAVL,AIBL,1,0.003876
SAAVL,RIML,5,0.023474
SAAVL,RIMR,33,0.132530
SAAVL,RMFR,11,0.234043
SAAVL,AVAL,56,0.083958
SAAVL,SABD,1,0.021739
SAAVL,SMDDR,18,0.075630
SAAVL,SMDVL,1,0.007194
SAAVL,SMBDR,2,0.020000
SAAVR,ASIR,1,0.166667
SAAVR,ALNR,1,0.043478
SAAVR,IL1DL,12,0.214286
SAAVR,AIBR,1,0.003497
SAAVR,SAAVR,1,0.021739
SAAVR,RIAR,1,0.002415
SAAVR,RIML,12,0.056338
SAAVR,RIMR,7,0.028112
SAAVR,AVBL,1,0.002967
SAAVR,AVAR,39,0.056934
SAAVR,RIPL,12,0.063492
SAAVR,RMEV,1,0.010989
SAAVR,SMDDL,17,0.081340
SAAVR,SMBDL,1,0.012500
AVKL,AVM,2,0.400000
AVKL,DVA,1,0.006849
AVKL,PDEL,2,0.037736
AVKL,PDER,1,0.021739
AVKL,SAADL,1,0.013333
AVKL,SAADR,3,0.044118
AVKL,RIML,3,0.014085
AVKL,RIMR,2,0.008032
AVKL,AVEL,4,0.013201
AVKL,AVER,2,0.006803
AVKL,RMFL,2,0.043478
AVKL,AVBL,2,0.005935
AVKL,RMDL,1,0.005814
AVKL,RIVL,5,0.119048
AVKL,SIBDR,2,0.039216
AVKL,SIAVR,2,0.026316
AVKL,VB01,3,0.081081
AVKR,PVM,2,0.153846
AVKR,PVQL,1,0.021277
AVKR,BDUL,3,0.107143
AVKR,PVPL,1,0.022222
AVKR,RIGL,1,0.011236
AVKR,RMGL,2,0.035088
AVKR,SAADL,2,0.026667
AVKR,AVKL,3,0.031915
AVKR,RIML,5,0.023474
AVKR,RIMR,3,0.012048
AVKR,RMFL,2,0.043478
AVKR,RMDL,1,0.005814
AVKR,RMDR,2,0.010000
AVKR,RMHR,1,0.012500
AVKR,SMDDR,3,0.012605
AVKR,SMDVR,1,0.006803
AVKR,SMBDL,3,0.037500
AVKR,SIADL,3,0.056604
DVC,PVDR,1,0.010870
DVC,RIBL,2,0.009174
DVC,RIBR,6,0.026549
DVC,RIGL,16,0.179775
DVC,RIGR,13,0.119266
DVC,AIBL,3,0.011628
DVC,AIBR,3,0.010490
DVC,AVKL,2,0.021277
DVC,PVT,1,0.030303
DVC,RMFL,14,0.304348
DVC,RMFR,9,0.191489
DVC,AVBL,1,0.002967
DVC,AVAL,14,0.020990
DVC,AVAR,16,0.023358
DVC,URAVL,1,0.030303
DVC,RIVR,2,0.057143
DVC,VD09,2,0.027397
AVJL,ASHR,1,0.025641
AVJL,AINL,1,0.125000
AVJL,RIS,1,0.025000
AVJL,RIFR,1,0.028571
AVJL,AVHL,3,0.085714
AVJL,PVNR,4,0.105263
AVJL,AVJR,1,0.012346
AVJL,AVDL,1,0.003788
AVJL,AVEL,1,0.003300
AVJL,AVBL,5,0.014837
AVJL,AVBR,6,0.018072
AVJL,AVAR,1,0.001460
AVJL,PVCL,5,0.017668
AVJL,PVCR,1,0.003817
AVJL,SABD,1,0.021739
AVJR,ALML,3,0.150000
AVJR,AVM,1,0.200000
AVJR,FLPR,2,0.181818
AVJR,PVQR,1,0.029412
AVJR,AVFR,1,0.032258
AVJR,AVJL,1,0.011236
AVJR,AVDL,1,0.003788
AVJR,AVDR,7,0.029661
AVJR,AVER,3,0.010204
AVJR,RID,2,0.035714
AVJR,AVBL,10,0.029674
AVJR,AVBR,2,0.006024
AVJR,AVAL,4,0.005997
AVJR,AVAR,5,0.007299
AVJR,PVCL,5,0.017668
AVJR,PVCR,7,0.026718
AVJR,SABVL,3,0.061224
PVT,RIH,2,0.018182
PVT,RIS,1,0.025000
PVT,RIGL,1,0.011236
PVT,RIGR,6,0.055046
PVT,AIBL,5,0.019380
PVT,AIBR,10,0.034965
PVT,AVKL,7,0.074468
PVT,AVKR,8,0.105263
PVT,DVC,3,0.100000
PVT,AVL,3,0.051724
PVT,RMFL,3,0.065217
PVT,RMFR,7,0.148936
PVT,RMEV,4,0.043956
AVDL,LUAL,2,0.090909
AVDL,DVC,2,0.066667
AVDL,AVJL,1,0.011236
AVDL,AVDR,5,0.021186
AVDL,AVEL,5,0.016502
AVDL,AVAL,37,0.055472
AVDL,AVAR,37,0.054015
AVDL,PVCL,1,0.003534
AVDL,SABD,5,0.108696
AVDL,SABVL,2,0.040816
AVDL,SABVR,5,0.135135
AVDL,DA01,4,0.061538
AVDL,DA02,2,0.040000
AVDL,DA03,9,0.145161
AVDL,DA04,3,0.081081
AVDL,DA05,1,0.025641
AVDL,DA08,2,0.031250
AVDL,AS04,2,0.080000
AVDL,AS10,1,0.047619
AVDL,AS11,4,0.105263
AVDL,VA01,2,0.046512
AVDL,VA03,3,0.078947
AVDL,VA05,1,0.050000
AVDL,VA10,2,0.105263
AVDL,VA12,1,0.016129
AVDR,PQR,3,0.157895
AVDR,ALA,1,0.083333
AVDR,LUAL,3,0.136364
AVDR,DVC,4,0.133333
AVDR,AVJR,1,0.012346
AVDR,AVDL,3,0.011364
AVDR,AVER,2,0.006803
AVDR,AVBL,1,0.002967
AVDR,AVAL,41,0.061469
AVDR,AVAR,52,0.075912
AVDR,PVCR,2,0.007634
AVDR,SABD,1,0.021739
AVDR,SABVL,5,0.102041
AVDR,SABVR,1,0.027027
AVDR,DA01,5,0.076923
AVDR,DA02,5,0.100000
AVDR,DA03,3,0.048387
AVDR,DA04,2,0.054054
AVDR,DA05,3,0.076923
AVDR,DA06,1,0.083333
AVDR,DA08,1,0.015625
AVDR,DA09,1,0.018182
AVDR,DB01,1,0.125000
AVDR,DB04,1,0.055556
AVDR,AS10,2,0.095238
AVDR,AS11,3,0.078947
AVDR,VA02,1,0.022727
AVDR,VA03,2,0.052632
AVDR,VA05,3,0.150000
AVDR,VA11,1,0.025641
AVL,RIS,1,0.025000
AVL,PVPR,2,0.083333
AVL,DVB,1,0.500000
AVL,AVKR,2,0.026316
AVL,DVC,2,0.066667
AVL,PVWL,1,0.050000
AVL,RIMR,2,0.008032
AVL,AVEL,3,0.009901
AVL,SABD,9,0.195652
AVL,SABVL,9,0.183673
AVL,SABVR,6,0.162162
AVL,DD01,4,0.023256
AVL,DD06,1,0.006803
AVL,VD12,3,0.032967
PVWL,AVJL,1,0.011236
PVWL,PVT,1,0.030303
PVWL,PVWR,1,0.125000
PVWL,PVCL,1,0.003534
PVWL,PVCR,1,0.003817
PVWL,VD12,1,0.010989
PVWR,LUAR,1,0.034483
PVWR,PVT,2,0.060606
PVWR,AVDR,2,0.008475
PVWR,AVL,1,0.017241
PVWR,AVAR,1,0.001460
PVWR,PVCR,1,0.003817
PVWR,VA12,1,0.016129
RIAL,BAGR,2,0.052632
RIAL,URXL,2,0.027397
RIAL,AQR,4,0.125000
RIAL,CEPDL,1,0.025000
RIAL,RIR,3,0.044776
RIAL,AIZL,1,0.004831
RIAL,RIBL,2,0.009174
RIAL,SAADL,1,0.013333
RIAL,RIAR,23,0.055556
RIAL,RIML,2,0.009390
RIAL,RIMR,2,0.008032
RIAL,AVAL,2,0.002999
RIAL,RMDDL,48,0.154839
RIAL,RMDDR,35,0.121107
RIAL,RMDL,26,0.151163
RIAL,RMDR,17,0.085000
RIAL,RMDVL,48,0.173285
RIAL,RMDVR,48,0.177122
RIAL,RIVL,8,0.190476
RIAL,RIVR,12,0.342857
RIAL,SMDDL,22,0.105263
RIAL,SMDDR,33,0.138655
RIAL,SMDVL,14,0.100719
RIAL,SMDVR,32,0.217687
RIAL,SMBDR,7,0.070000
RIAL,SIADL,3,0.056604
RIAL,SIAVR,2,0.026316
RIAR,ADFR,2,0.041667
RIAR,CEPVL,1,0.022727
RIAR,CEPVR,1,0.017241
RIAR,IL1R,2,0.055556
RIAR,AUAR,2,0.039216
RIAR,RIBR,1,0.004425
RIAR,SAADR,1,0.014706
RIAR,RIAL,38,0.087558
RIAR,RIAR,3,0.007246
RIAR,AVAR,2,0.002920
RIAR,RMDDL,48,0.154839
RIAR,RMDDR,53,0.183391
RIAR,RMDL,9,0.052326
RIAR,RMDR,35,0.175000
RIAR,RMDVL,57,0.205776
RIAR,RMDVR,47,0.173432
RIAR,RIVL,3,0.071429
RIAR,RIVR,3,0.085714
RIAR,SMDDL,32,0.153110
RIAR,SMDDR,26,0.109244
RIAR,SMDVL,43,0.309353
RIAR,SMDVR,26,0.176871
RIAR,SMBDR,2,0.020000
RIAR,SMBVR,2,0.025000
RIAR,SIADR,4,0.068966
RIAR,SIAVL,7,0.082353
RIML,RIBL,9,0.041284
RIML,AIBL,1,0.003876
RIML,AIBR,22,0.076923
RIML,RICR,1,0.009524
RIML,SAADL,1,0.013333
RIML,SAADR,4,0.058824
RIML,SAAVL,10,0.192308
RIML,SAAVR,10,0.217391
RIML,AVKR,1,0.013158
RIML,RIAL,3,0.006912
RIML,RIML,11,0.051643
RIML,RIMR,2,0.008032
RIML,AVER,5,0.017007
RIML,RMFL,2,0.043478
RIML,RMFR,2,0.042553
RIML,AVBL,9,0.026706
RIML,AVBR,11,0.033133
RIML,AVAL,5,0.007496
RIML,AVAR,2,0.002920
RIML,RMDL,9,0.052326
RIML,RMDR,21,0.105000
RIML,SMDDL,11,0.052632
RIML,SMDDR,14,0.058824
RIML,SMDVL,11,0.079137
RIML,VB01,8,0.216216
RIMR,RIS,2,0.050000
RIMR,ADAR,9,0.195652
RIMR,RIBR,4,0.017699
RIMR,AIBL,15,0.058140
RIMR,SAAVL,11,0.211538
RIMR,SAAVR,8,0.173913
RIMR,AVKL,1,0.010638
RIMR,AVJL,4,0.044944
RIMR,RIML,4,0.018779
RIMR,RMFL,1,0.021739
RIMR,RMFR,7,0.148936
RIMR,AVBL,9,0.026706
RIMR,AVBR,12,0.036145
RIMR,AVAL,9,0.013493
RIMR,RMDL,15,0.087209
RIMR,RMDR,12,0.060000
RIMR,SMDDL,9,0.043062
RIMR,SMDDR,14,0.058824
RIMR,SMDVL,2,0.014388
RIMR,SMDVR,3,0.020408
RIMR,VB01,2,0.054054
AVEL,ALML,1,0.050000
AVEL,RMGL,2,0.035088
AVEL,PVT,1,0.030303
AVEL,AVDL,5,0.018939
AVEL,AVAL,17,0.025487
AVEL,AVAR,3,0.004380
AVEL,PVCL,1,0.003534
AVEL,PVCR,2,0.007634
AVEL,SABD,18,0.391304
AVEL,SABVL,16,0.326531
AVEL,SABVR,12,0.324324
AVEL,DA01,11,0.169231
AVEL,DA02,5,0.100000
AVEL,DA03,6,0.096774
AVEL,DA04,1,0.027027
AVEL,DB03,1,0.047619
AVEL,DB04,1,0.055556
AVEL,AS01,3,0.041096
AVEL,AS03,2,0.125000
AVEL,VA01,12,0.279070
AVEL,VA03,1,0.026316
AVEL,VA04,1,0.029412
AVEL,VD02,1,0.008772
AVEL,VD03,1,0.007246
AVER,URXR,1,0.013158
AVER,CEPDL,1,0.025000
AVER,OLLL,1,0.022727
AVER,AIZR,1,0.004950
AVER,RMGR,1,0.027027
AVER,AVDL,4,0.015152
AVER,AVDR,4,0.016949
AVER,RIMR,1,0.004016
AVER,AVEL,3,0.009901
AVER,AVAL,14,0.020990
AVER,AVAR,33,0.048175
AVER,SABD,1,0.021739
AVER,SABVL,12,0.244898
AVER,SABVR,11,0.297297
AVER,DA01,11,0.169231
AVER,DA02,7,0.140000
AVER,DA03,3,0.048387
AVER,DB03,1,0.047619
AVER,AS01,6,0.082192
AVER,AS02,4,0.148148
AVER,AS03,1,0.062500
AVER,VA01,5,0.116279
AVER,VA02,4,0.090909
AVER,VA03,1,0.026316
AVER,VA04,2,0.058824
RMFL,BAGL,1,0.023256
RMFL,RIS,1,0.025000
RMFL,RIBR,1,0.004425
RMFL,SAAVR,1,0.021739
RMFL,AVKL,9,0.095745
RMFL,AVKR,14,0.184211
RMFL,DVC,1,0.033333
RMFL,PVT,3,0.090909
RMFL,RIMR,2,0.008032
RMFL,RMDR,13,0.065000
RMFL,RMHL,2,0.028571
RMFL,SMDVL,1,0.007194
RMFR,RIH,1,0.009091
RMFR,AVKL,7,0.074468
RMFR,AVKR,9,0.118421
RMFR,DVC,2,0.066667
RMFR,RMDL,6,0.034884
RMFR,RMDR,1,0.005000
RID,FLPL,1,0.040000
RID,RMED,5,0.080645
RID,DA02,1,0.020000
RID,DA06,2,0.166667
RID,DB01,1,0.125000
RID,AS11,1,0.026316
RID,DD01,3,0.017442
RID,DD02,2,0.018018
RID,DD03,2,0.013889
RID,VD05,1,0.012500
RID,VD13,2,0.032787
AVBL,SDQL,1,0.032258
AVBL,DVA,2,0.013699
AVBL,PVPR,3,0.125000
AVBL,PVNR,3,0.078947
AVBL,AVJR,1,0.012346
AVBL,AVDR,3,0.012712
AVBL,AVL,1,0.017241
AVBL,AVEL,1,0.003300
AVBL,AVER,1,0.003401
AVBL,AVBR,6,0.018072
AVBL,AVAL,9,0.013493
AVBL,AVAR,14,0.020438
AVBL,PVCR,2,0.007634
AVBL,DA05,1,0.025641
AVBL,DA07,1,0.038462
AVBL,AS04,1,0.040000
AVBL,AS05,2,0.111111
AVBL,AS10,2,0.095238
AVBL,VA02,3,0.068182
AVBL,VA10,1,0.052632
AVBL,VA11,1,0.025641
AVBL,VB02,3,0.187500
AVBR,AIBR,1,0.003497
AVBR,AVJL,2,0.022472
AVBR,AVDL,4,0.015152
AVBR,AVER,2,0.006803
AVBR,AVBL,2,0.005935
AVBR,AVAL,10,0.014993
AVBR,AVAR,14,0.020438
AVBR,DA03,3,0.048387
AVBR,DA07,1,0.038462
AVBR,AS01,2,0.027397
AVBR,AS03,3,0.187500
AVBR,AS04,1,0.040000
AVBR,AS05,2,0.111111
AVBR,AS10,1,0.047619
AVBR,VA04,2,0.058824
AVBR,VA07,1,0.050000
AVBR,VD03,2,0.014493
AVAL,LUAL,6,0.272727
AVAL,LUAR,2,0.068966
AVAL,PVNL,1,0.038462
AVAL,AVDL,3,0.011364
AVAL,AVDR,2,0.008475
AVAL,RIAL,3,0.006912
AVAL,AVEL,1,0.003300
AVAL,AVER,2,0.006803
AVAL,AVBL,2,0.005935
AVAL,AVAR,12,0.017518
AVAL,PVCL,21,0.074205
AVAL,PVCR,16,0.061069
AVAL,SABVL,2,0.040816
AVAL,DA01,6,0.092308
AVAL,DA02,10,0.200000
AVAL,DA03,12,0.193548
AVAL,DA04,12,0.324324
AVAL,DA05,14,0.358974
AVAL,DA06,1,0.083333
AVAL,DA07,4,0.153846
AVAL,DA08,5,0.078125
AVAL,DA09,3,0.054545
AVAL,DB05,2,0.200000
AVAL,DB07,2,0.071429
AVAL,AS02,2,0.074074
AVAL,AS04,2,0.080000
AVAL,AS05,6,0.333333
AVAL,AS07,6,0.230769
AVAL,AS08,6,0.187500
AVAL,AS10,5,0.238095
AVAL,AS11,8,0.210526
AVAL,VA01,2,0.046512
AVAL,VA02,8,0.181818
AVAL,VA03,6,0.157895
AVAL,VA04,7,0.205882
AVAL,VA05,7,0.350000
AVAL,VA06,8,0.296296
AVAL,VA07,7,0.350000
AVAL,VA08,7,0.368421
AVAL,VA09,7,0.259259
AVAL,VA10,9,0.473684
AVAL,VA11,6,0.153846
AVAL,VA12,5,0.080645
AVAR,PDEL,3,0.056604
AVAR,PDER,3,0.065217
AVAR,LUAL,4,0.181818
AVAR,LUAR,16,0.551724
AVAR,RIGL,1,0.011236
AVAR,SAAVR,6,0.130435
AVAR,AVDL,3,0.011364
AVAR,AVDR,6,0.025424
AVAR,AVEL,2,0.006601
AVAR,AVER,3,0.010204
AVAR,AVBL,3,0.008902
AVAR,AVBR,4,0.012048
AVAR,AVAL,7,0.010495
AVAR,PVCL,20,0.070671
AVAR,PVCR,20,0.076336
AVAR,SABVR,2,0.054054
AVAR,SMDVR,1,0.006803
AVAR,DA01,2,0.030769
AVAR,DA02,9,0.180000
AVAR,DA03,8,0.129032
AVAR,DA04,9,0.243243
AVAR,DA05,9,0.230769
AVAR,DA06,4,0.333333
AVAR,DA07,6,0.230769
AVAR,DA08,20,0.312500
AVAR,DA09,3,0.054545
AVAR,DB02,2,0.111111
AVAR,DB03,2,0.095238
AVAR,DB05,2,0.200000
AVAR,AS01,2,0.027397
AVAR,AS02,3,0.111111
AVAR,AS04,2,0.080000
AVAR,AS05,1,0.055556
AVAR,AS06,2,0.166667
AVAR,AS07,6,0.230769
AVAR,AS08,10,0.312500
AVAR,AS09,10,0.500000
AVAR,AS11,10,0.263158
AVAR,VA02,5,0.113636
AVAR,VA03,6,0.157895
AVAR,VA04,6,0.176471
AVAR,VA05,2,0.100000
AVAR,VA06,9,0.333333
AVAR,VA07,7,0.350000
AVAR,VA08,7,0.368421
AVAR,VA09,7,0.259259
AVAR,VA10,4,0.210526
AVAR,VA11,13,0.333333
PVCL,ASHR,2,0.051282
PVCL,ADLR,2,0.039216
PVCL,DVA,4,0.027397
PVCL,PDEL,1,0.018868
PVCL,RIS,2,0.050000
PVCL,AVG,2,0.044444
PVCL,AVJL,3,0.033708
PVCL,AVJR,2,0.024691
PVCL,AVDL,7,0.026515
PVCL,AVDR,11,0.046610
PVCL,AVEL,2,0.006601
PVCL,AVER,7,0.023810
PVCL,RID,12,0.214286
PVCL,AVBL,7,0.020772
PVCL,AVBR,27,0.081325
PVCL,AVAL,5,0.007496
PVCL,AVAR,7,0.010219
PVCL,PVCL,1,0.003534
PVCL,PVCR,10,0.038168
PVCL,SMBVR,3,0.037500
PVCL,SIBDL,2,0.055556
PVCL,SIBVL,7,0.106061
PVCL,DA05,1,0.025641
PVCL,DA08,2,0.031250
PVCL,DB02,4,0.222222
PVCL,DB03,2,0.095238
PVCL,DB04,6,0.333333
PVCL,DB05,2,0.200000
PVCL,DB07,5,0.178571
PVCL,AS01,1,0.013699
PVCL,AS02,1,0.037037
PVCL,VB04,3,0.333333
PVCL,VB06,2,0.142857
PVCL,VB07,1,0.111111
PVCL,VB08,1,0.142857
PVCL,VB11,1,0.090909
PVCR,AQR,2,0.062500
PVCR,FLPL,2,0.080000
PVCR,DVA,3,0.020548
PVCR,PVDL,2,0.023529
PVCR,PVDR,1,0.010870
PVCR,PDEL,1,0.018868
PVCR,PVR,1,0.024390
PVCR,AVHL,1,0.028571
PVCR,PVPR,1,0.041667
PVCR,LUAR,1,0.034483
PVCR,AVDL,16,0.060606
PVCR,AVDR,6,0.025424
PVCR,AVL,1,0.017241
PVCR,PVWR,1,0.125000
PVCR,AVEL,6,0.019802
PVCR,AVER,6,0.020408
PVCR,RID,19,0.339286
PVCR,AVBL,21,0.062315
PVCR,AVBR,14,0.042169
PVCR,AVAL,10,0.014993
PVCR,AVAR,5,0.007299
PVCR,PVCL,5,0.017668
PVCR,SIBVR,10,0.151515
PVCR,DA02,1,0.020000
PVCR,DA04,1,0.027027
PVCR,DA05,2,0.051282
PVCR,DA07,1,0.038462
PVCR,DB02,4,0.222222
PVCR,DB03,6,0.285714
PVCR,DB04,6,0.333333
PVCR,DB05,3,0.300000
PVCR,DB07,1,0.035714
PVCR,VB03,1,0.055556
PVCR,VB04,1,0.111111
PVCR,VB06,4,0.285714
PVCR,VB07,1,0.111111
PVCR,VB08,2,0.285714
PVCR,VB11,3,0.272727
RIPL,ADFL,3,0.071429
RIPL,BAGL,7,0.162791
RIPL,OLLL,4,0.090909
RIPL,OLQDR,2,0.040816
RIPL,OLQVL,1,0.012500
RIPL,RIH,2,0.018182
RIPL,RIPL,3,0.015873
RIPR,ADFR,1,0.020833
RIPR,BAGR,2,0.052632
RIPR,OLQDR,3,0.061224
RIPR,OLQVR,2,0.028571
RIPR,IL1R,1,0.027778
RIPR,RIH,1,0.009091
RIPR,URBR,1,0.026316
RIPR,AVBR,2,0.006024
RIPR,URAVR,1,0.037037
URADL,IL1DL,4,0.071429
URADL,RIH,3,0.027273
URADL,RIPL,12,0.063492
URADL,RMEL,8,0.109589
URADR,URYDR,1,0.111111
URADR,IL1DR,3,0.046875
URADR,RIPR,16,0.068966
URADR,RMER,1,0.011628
URAVL,CEPVL,1,0.022727
URAVL,IL1L,3,0.090909
URAVL,IL1VL,6,0.100000
URAVL,RIBL,1,0.004587
URAVL,DVC,1,0.033333
URAVL,AVER,1,0.003401
URAVL,RIPL,15,0.079365
URAVL,RMEL,8,0.109589
URAVL,RMER,3,0.034884
URAVL,RMEV,10,0.109890
URAVL,RMDDL,7,0.022581
URAVL,RMDVR,1,0.003690
URAVR,IL2VR,3,0.214286
URAVR,URYVR,1,0.050000
URAVR,IL1R,2,0.055556
URAVR,IL1VR,9,0.142857
URAVR,RIH,1,0.009091
URAVR,ADAR,1,0.021739
URAVR,PVT,3,0.090909
URAVR,RIPR,13,0.056034
URAVR,RMEL,1,0.013699
URAVR,RMER,4,0.046512
URAVR,RMEV,2,0.021978
URAVR,RMDDR,1,0.003460
URAVR,RMDVL,1,0.003610
RMEL,OLLR,1,0.015873
RMEL,IL1R,2,0.055556
RMEL,RIPR,1,0.004310
RMEL,RMEV,1,0.010989
RMER,IL1L,4,0.121212
RMER,RMER,5,0.058140
RMER,RMHR,3,0.037500
RMED,RIBL,1,0.004587
RMED,RIBR,1,0.004425
RMED,RMED,1,0.016129
RMED,SMDDL,1,0.004785
RMED,SMDDR,4,0.016807
RMEV,RIH,2,0.018182
RMEV,RIS,1,0.025000
RMEV,RIBR,2,0.008850
RMEV,RMED,1,0.016129
RMEV,RMDDL,1,0.003226
RMEV,RMDDR,1,0.003460
RMEV,SMDDR,1,0.004202
RMEV,SMDVL,1,0.007194
RMDDL,CEPVL,2,0.045455
RMDDL,IL1DR,2,0.031250
RMDDL,IL1R,9,0.250000
RMDDL,RIAL,1,0.002304
RMDDL,AVER,1,0.003401
RMDDL,RMEV,2,0.021978
RMDDL,RMDVL,1,0.003610
RMDDL,RMDVR,22,0.081181
RMDDL,RMHL,1,0.014286
RMDDR,RMDDL,1,0.003226
RMDDR,RMDVL,26,0.093863
RMDDR,RMDVR,3,0.011070
RMDL,URXR,1,0.013158
RMDL,ADER,3,0.083333
RMDL,OLLR,3,0.047619
RMDL,IL1L,1,0.030303
RMDL,IL1R,1,0.027778
RMDL,RIS,1,0.025000
RMDL,RIBR,1,0.004425
RMDL,AVKR,1,0.013158
RMDL,RIAL,20,0.046083
RMDL,RIAR,22,0.053140
RMDL,RIML,3,0.014085
RMDL,RMFR,1,0.021277
RMDL,RMDDR,7,0.024221
RMDL,RMDR,8,0.040000
RMDL,RMDVL,2,0.007220
RMDL,RMDVR,3,0.011070
RMDL,RIVL,1,0.023810
RMDL,RMHL,3,0.042857
RMDL,SMDDR,1,0.004202
RMDL,SMBVR,2,0.025000
RMDL,SIBVR,3,0.045455
RMDR,OLLR,2,0.031746
RMDR,IL1L,2,0.060606
RMDR,RIS,1,0.025000
RMDR,RMGL,1,0.017544
RMDR,AVKR,1,0.013158
RMDR,RIAL,14,0.032258
RMDR,RIAR,21,0.050725
RMDR,RIMR,1,0.004016
RMDR,RMDDL,6,0.019355
RMDR,RMDL,11,0.063953
RMDR,RMDVL,9,0.032491
RMDR,SMDDR,1,0.004202
RMDR,SIAVL,1,0.011765
RMDVL,IL2VR,1,0.071429
RMDVL,CEPDL,2,0.050000
RMDVL,URYVR,1,0.050000
RMDVL,OLQVR,3,0.042857
RMDVL,IL1R,2,0.055556
RMDVL,AVER,2,0.006803
RMDVL,RMDDR,41,0.141869
RMDVL,RMDR,2,0.010000
RMDVL,RMDVR,1,0.003690
RMDVL,SIBDR,1,0.019608
RMDVL,SIAVR,2,0.026316
RMDVR,CEPDR,2,0.068966
RMDVR,OLQVL,2,0.025000
RMDVR,IL1DR,1,0.015625
RMDVR,IL1L,1,0.030303
RMDVR,RIAR,1,0.002415
RMDVR,AVAR,1,0.001460
RMDVR,URAVL,8,0.242424
RMDVR,RMDDL,43,0.138710
RMDVR,RMDVR,2,0.007380
RMDVR,SMBDR,1,0.010000
RMDVR,SIBVR,1,0.015152
RMDVR,SIAVL,2,0.023529
RIVL,SAADR,11,0.161765
RIVL,RIAL,5,0.011521
RIVL,RIAR,2,0.004831
RIVL,RMDL,4,0.023256
RIVL,RMDVL,5,0.018051
RIVL,RIVR,1,0.028571
RIVL,SMDDR,8,0.033613
RIVL,SMDVL,2,0.014388
RIVL,SIAVR,5,0.065789
RIVR,SAADL,12,0.160000
RIVR,RIAL,6,0.013825
RIVR,RIAR,2,0.004831
RIVR,RMDDL,1,0.003226
RIVR,RMDR,4,0.020000
RIVR,RMDVR,1,0.003690
RIVR,RIVL,8,0.190476
RIVR,RMHR,2,0.025000
RIVR,SMDDL,6,0.028708
RIVR,SMDVR,3,0.020408
RIVR,SMBVL,1,0.013889
RIVR,SIAVL,5,0.058824
RMHL,URXR,1,0.013158
RMHL,IL1R,2,0.055556
RMHL,RICL,1,0.011628
RMHL,RICR,1,0.009524
RMHL,SAAVL,1,0.019231
RMHL,RID,1,0.017857
RMHL,AVAR,1,0.001460
RMHL,RMDDL,2,0.006452
RMHL,RMDR,1,0.005000
RMHR,CEPVL,1,0.022727
RMHR,RMGL,8,0.140351
RMHR,AIBR,3,0.010490
RMHR,RMER,4,0.046512
RMHR,RMDL,4,0.023256
RMHR,RMDR,1,0.005000
RMHR,RMHL,3,0.042857
RMHR,SMDDL,3,0.014354
SABD,SAADL,4,0.053333
SABD,SAADR,4,0.058824
SABVL,RIGR,1,0.009174
SMDDL,URYDL,1,0.043478
SMDDL,RIS,2,0.050000
SMDDL,SAAVR,1,0.021739
SMDDL,RIAL,9,0.020737
SMDDL,RIAR,14,0.033816
SMDDL,RIML,2,0.009390
SMDDL,RIMR,1,0.004016
SMDDL,AVEL,1,0.003300
SMDDL,AVER,1,0.003401
SMDDL,RMDL,3,0.017442
SMDDL,RMDR,1,0.005000
SMDDL,RIVR,1,0.028571
SMDDL,SMDDR,1,0.004202
SMDDL,SMDVL,2,0.014388
SMDDL,SMDVR,17,0.115646
SMDDL,SMBDL,3,0.037500
SMDDL,SIBDL,14,0.388889
SMDDL,SIADL,14,0.264151
SMDDR,ASJL,1,0.076923
SMDDR,ASGL,1,0.058824
SMDDR,ALNL,1,0.071429
SMDDR,ALNR,2,0.086957
SMDDR,AIZR,2,0.009901
SMDDR,RIS,3,0.075000
SMDDR,RIBL,1,0.004587
SMDDR,RIAL,5,0.011521
SMDDR,RIAR,3,0.007246
SMDDR,RIMR,3,0.012048
SMDDR,AVER,1,0.003401
SMDDR,RMDR,1,0.005000
SMDDR,RIVL,1,0.023810
SMDDR,SMDDL,4,0.019139
SMDDR,SMDVL,5,0.035971
SMDDR,SMBDR,3,0.030000
SMDDR,SIBDR,14,0.274510
SMDDR,SIADR,14,0.241379
SMDVL,ALNL,2,0.142857
SMDVL,ALNR,6,0.260870
SMDVL,PLNL,6,0.222222
SMDVL,IL2L,1,0.066667
SMDVL,CEPVR,1,0.017241
SMDVL,PVR,1,0.024390
SMDVL,RIBR,1,0.004425
SMDVL,RIAL,19,0.043779
SMDVL,RIAR,31,0.074879
SMDVL,RMDDR,3,0.010381
SMDVL,RIVL,6,0.142857
SMDVL,SMDDR,22,0.092437
SMDVL,SMDVR,2,0.013605
SMDVL,SIBVL,30,0.454545
SMDVL,SIADR,1,0.017241
SMDVL,SIAVR,30,0.394737
SMDVR,PLNL,6,0.222222
SMDVR,CEPVL,1,0.022727
SMDVR,AIBR,1,0.003497
SMDVR,RIAL,24,0.055300
SMDVR,RIAR,16,0.038647
SMDVR,RIML,1,0.004695
SMDVR,AVER,1,0.003401
SMDVR,AVAR,1,0.001460
SMDVR,RMED,9,0.145161
SMDVR,RMDDL,3,0.009677
SMDVR,RIVR,1,0.028571
SMDVR,SMDDL,14,0.066986
SMDVR,SMDVL,1,0.007194
SMDVR,SIBVR,30,0.454545
SMDVR,SIAVL,30,0.352941
SMDVR,VB01,1,0.027027
SMBDL,ALNR,1,0.043478
SMBDL,SDQR,18,0.666667
SMBDL,RIH,2,0.018182
SMBDL,AIZL,1,0.004831
SMBDL,SAAVR,9,0.195652
SMBDL,RMED,4,0.064516
SMBDL,SMDDL,7,0.033493
SMBDL,SMBVL,2,0.027778
SMBDL,SIADL,19,0.358491
SMBDL,SIAVL,3,0.035294
SMBDR,ALNL,5,0.357143
SMBDR,SDQL,18,0.580645
SMBDR,SAAVL,8,0.153846
SMBDR,AVAL,1,0.001499
SMBDR,RMED,25,0.403226
SMBDR,RIVL,1,0.023810
SMBDR,SMDDR,4,0.016807
SMBDR,SMBDL,3,0.037500
SMBDR,SIADR,20,0.344828
SMBDR,SIAVR,1,0.013158
SMBVL,PLNL,5,0.185185
SMBVL,AIML,1,0.050000
SMBVL,AVFL,1,0.033333
SMBVL,AVHR,1,0.043478
SMBVL,PVPL,1,0.022222
SMBVL,SAADL,16,0.213333
SMBVL,AVJR,1,0.012346
SMBVL,AVBR,1,0.003012
SMBVL,RMEV,20,0.219780
SMBVL,RMDVR,1,0.003690
SMBVL,SMBDL,2,0.025000
SMBVL,SIAVL,1,0.011765
SMBVR,ADLR,2,0.039216
SMBVR,PLNR,5,0.312500
SMBVR,CEPVR,8,0.137931
SMBVR,PVR,2,0.048780
SMBVR,AVHL,2,0.057143
SMBVR,RMGR,3,0.081081
SMBVR,SAADR,12,0.176471
SMBVR,RIAR,1,0.002415
SMBVR,RMEV,8,0.087912
SMBVR,RMDL,2,0.011628
SMBVR,RMDR,3,0.015000
SMBVR,SMBDR,2,0.020000
SMBVR,SIAVR,1,0.013158
SIBDL,SIADL,2,0.037736
SIBDR,SMDDR,10,0.042017
SIBDR,SIADR,2,0.034483
SIBVL,ALNR,1,0.043478
SIBVL,PVPL,1,0.022222
SIBVL,SMBDR,1,0.010000
SIBVL,SIAVR,5,0.065789
SIBVR,AVDR,1,0.004237
SIBVR,RID,1,0.017857
SIBVR,SIAVL,5,0.058824
SIADL,ALNR,4,0.173913
SIADL,SDQR,4,0.148148
SIADL,AVFR,1,0.032258
SIADL,RMDL,4,0.023256
SIADL,SMDDL,17,0.081340
SIADL,SMBDL,18,0.225000
SIADL,SIBDL,4,0.111111
SIADR,SDQL,4,0.129032
SIADR,ALML,1,0.050000
SIADR,CEPDL,1,0.025000
SIADR,IL1VR,1,0.015873
SIADR,AVAL,1,0.001499
SIADR,SMDDR,17,0.071429
SIADR,SMBDR,17,0.170000
SIADR,SIBDR,4,0.078431
SIAVL,PLNL,10,0.370370
SIAVL,ADEL,1,0.020833
SIAVL,IL2L,1,0.066667
SIAVL,SMDVR,10,0.068027
SIAVL,SMBVL,2,0.027778
SIAVL,SIBVR,2,0.030303
SIAVR,PLNR,10,0.625000
SIAVR,RMDL,1,0.005814
SIAVR,SIBVL,2,0.030303
DA01,FLPR,2,0.181818
DA01,DB01,1,0.125000
DA01,AS01,13,0.178082
DA01,DD01,12,0.069767
DA01,VD01,13,0.213115
DA01,VD02,4,0.035088
DA02,DA03,1,0.016129
DA02,DB01,1,0.125000
DA02,AS02,1,0.037037
DA02,DD01,7,0.040698
DA02,VD02,17,0.149123
DA02,VD03,11,0.079710
DA03,DA04,2,0.054054
DA03,DB03,2,0.095238
DA03,AS04,2,0.080000
DA03,DD02,3,0.027027
DA03,VD03,43,0.311594
DA03,VD04,13,0.134021
DA04,DB02,2,0.111111
DA04,DD02,4,0.036036
DA04,VD04,11,0.113402
DA04,VD05,21,0.262500
DA05,DA04,1,0.027027
DA05,DB04,1,0.055556
DA05,DD03,12,0.083333
DA05,VD05,1,0.012500
DA05,VD06,22,0.207547
DA06,DA05,1,0.025641
DA06,DB05,1,0.100000
DA06,DD03,7,0.048611
DA06,VD04,3,0.030928
DA06,VD05,3,0.037500
DA06,VD06,13,0.122642
DA06,VD07,13,0.125000
DA07,DA06,1,0.083333
DA07,DB06,1,1.000000
DA07,DD04,3,0.033333
DA07,VD07,10,0.096154
DA07,VD08,12,0.193548
DA07,VD09,10,0.136986
DA08,DA07,1,0.038462
DA08,DB07,1,0.035714
DA08,DD04,4,0.044444
DA08,DD05,4,0.038835
DA08,VD08,5,0.080645
DA08,VD09,5,0.068493
DA08,VD10,7,0.145833
DA08,VD11,5,0.075758
DA08,VD12,5,0.054945
DA08,VD13,5,0.081967
DA09,DVA,1,0.006849
DA09,DA08,1,0.015625
DA09,DB07,2,0.071429
DA09,AS11,1,0.026316
DA09,DD06,4,0.027211
DA09,VA11,1,0.025641
DA09,VA12,1,0.016129
DA09,VD09,5,0.068493
DA09,VD10,5,0.104167
DA09,VD11,11,0.166667
DA09,VD12,11,0.120879
DA09,VD13,4,0.065574
PDA,PVNR,1,0.026316
PDA,DA09,1,0.018182
PDA,DD06,3,0.020408
PDA,VD11,10,0.151515
PDA,VD12,12,0.131868
PDA,VD13,3,0.049180
DB01,FLPR,1,0.090909
DB01,RID,1,0.017857
DB01,DA01,16,0.246154
DB01,DA02,2,0.040000
DB01,AS01,28,0.383562
DB01,AS02,4,0.148148
DB01,DD01,31,0.180233
DB01,VD01,18,0.295082
DB01,VD02,24,0.210526
DB01,VD03,2,0.014493
DB02,DA02,3,0.060000
DB02,DA03,12,0.193548
DB02,DA04,1,0.027027
DB02,AS03,3,0.187500
DB02,AS04,2,0.080000
DB02,DD01,3,0.017442
DB02,DD02,16,0.144144
DB02,VD03,33,0.239130
DB02,VD04,15,0.154639
DB03,DA04,4,0.108108
DB03,DA05,1,0.025641
DB03,AS04,2,0.080000
DB03,AS05,1,0.055556
DB03,DD02,3,0.027027
DB03,DD03,14,0.097222
DB03,DD05,14,0.135922
DB03,VD04,9,0.092784
DB03,VD05,24,0.300000
DB03,VD06,4,0.037736
DB04,DA05,3,0.076923
DB04,AS06,2,0.166667
DB04,DD03,9,0.062500
DB04,DD04,2,0.022222
DB04,DD05,9,0.087379
DB04,DD06,2,0.013605
DB04,VD06,14,0.132075
DB05,DA06,3,0.250000
DB05,DA07,12,0.461538
DB05,DA08,1,0.015625
DB05,AS07,3,0.115385
DB05,AS08,2,0.062500
DB05,VD04,3,0.030928
DB05,VD05,3,0.037500
DB05,VD06,13,0.122642
DB05,VD07,13,0.125000
DB06,DA08,4,0.062500
DB06,DA09,1,0.018182
DB06,AS08,2,0.062500
DB06,AS09,1,0.050000
DB06,VD07,10,0.096154
DB06,VD08,12,0.193548
DB06,VD09,10,0.136986
DB07,DA09,3,0.054545
DB07,AS10,2,0.095238
DB07,AS11,2,0.052632
DB07,DD06,1,0.006803
DB07,VD08,5,0.080645
DB07,VD09,5,0.068493
DB07,VD10,7,0.145833
DB07,VD11,5,0.075758
DB07,VD12,5,0.054945
DB07,VD13,1,0.016393
AS01,DA01,8,0.123077
AS01,DB01,3,0.375000
AS01,AS01,3,0.041096
AS01,DD01,2,0.011628
AS01,VD01,20,0.327869
AS02,RID,2,0.035714
AS02,DB01,1,0.125000
AS02,DD01,3,0.017442
AS02,VD02,21,0.184211
AS03,DA03,1,0.016129
AS03,DD01,2,0.011628
AS03,VD03,23,0.166667
AS04,DA03,2,0.032258
AS04,DB02,2,0.111111
AS04,DD01,2,0.011628
AS04,DD02,4,0.036036
AS04,VD04,21,0.216495
AS05,PVDL,1,0.011765
AS05,DA04,1,0.027027
AS05,AS05,3,0.166667
AS05,DD03,1,0.006944
AS05,VD05,12,0.150000
AS06,DA05,1,0.025641
AS06,DB04,1,0.055556
AS06,DD03,4,0.027778
AS06,VD06,20,0.188679
AS07,VD07,20,0.192308
AS08,VD08,20,0.322581
AS09,VD09,20,0.273973
AS10,VD10,10,0.208333
AS10,VD11,10,0.151515
AS11,DB07,1,0.035714
AS11,DD06,2,0.013605
AS11,VD12,20,0.219780
AS11,VD13,3,0.049180
PDB,DD06,2,0.013605
PDB,VD12,10,0.109890
PDB,VD13,2,0.032787
DD01,DA02,3,0.060000
DD01,VD02,1,0.008772
DD02,DA03,2,0.032258
DD02,VD03,1,0.007246
DD02,VD04,1,0.010309
DD03,DA05,1,0.025641
DD06,DB07,1,0.035714
DD06,VD13,3,0.049180
VA01,DA02,1,0.020000
VA01,DD01,12,0.069767
VA01,VD01,3,0.049180
VA02,AVAL,1,0.001499
VA02,DD01,20,0.116279
VA02,VA01,2,0.046512
VA02,VA03,2,0.052632
VA02,VB01,1,0.027027
VA02,VB02,1,0.062500
VA02,VD01,1,0.016393
VA02,VD02,27,0.236842
VA03,DD01,18,0.104651
VA03,DD02,10,0.090090
VA03,VA04,2,0.058824
VA03,VB02,1,0.062500
VA03,VB03,3,0.166667
VA03,VD02,3,0.026316
VA03,VD03,11,0.079710
VA04,AVDL,1,0.003788
VA04,AVER,1,0.003401
VA04,AVAR,1,0.001460
VA04,DD02,17,0.153153
VA04,VB03,8,0.444444
VA04,VB04,1,0.111111
VA04,VD04,8,0.082474
VA05,DD02,6,0.054054
VA05,DD03,17,0.118056
VA05,VA06,2,0.074074
VA05,VB04,1,0.111111
VA05,VD05,9,0.112500
VA06,AVAR,1,0.001460
VA06,AS01,13,0.178082
VA06,AS02,1,0.037037
VA06,DD03,21,0.145833
VA06,VA05,2,0.100000
VA06,VB04,1,0.111111
VA06,VB05,7,0.636364
VA06,VD05,3,0.037500
VA06,VD06,6,0.056604
VA07,AS01,1,0.013699
VA07,AS02,10,0.370370
VA07,AS03,3,0.187500
VA07,DD03,3,0.020833
VA07,DD04,17,0.188889
VA07,VB06,1,0.071429
VA07,VD06,2,0.018868
VA07,VD07,13,0.125000
VA08,AS02,1,0.037037
VA08,AS03,4,0.250000
VA08,AS04,11,0.440000
VA08,AS05,3,0.166667
VA08,DD04,9,0.100000
VA08,DD05,9,0.087379
VA08,VB06,1,0.071429
VA08,VD07,2,0.019231
VA08,VD08,3,0.048387
VA08,VD09,3,0.041096
VA09,AS06,5,0.416667
VA09,AS07,3,0.115385
VA09,DD04,6,0.066667
VA09,DD05,6,0.058252
VA09,DD06,6,0.040816
VA09,VB07,1,0.111111
VA09,VB08,1,0.142857
VA09,VD09,2,0.027397
VA09,VD10,3,0.062500
VA09,VD11,3,0.045455
VA10,AS06,3,0.250000
VA10,AS07,6,0.230769
VA10,AS10,1,0.047619
VA10,DD05,9,0.087379
VA10,DD06,9,0.061224
VA10,VB08,1,0.142857
VA10,VB09,1,0.500000
VA10,VD10,2,0.041667
VA10,VD11,3,0.045455
VA10,VD12,3,0.032967
VA11,PVNR,1,0.026316
VA11,AS07,2,0.076923
VA11,AS08,10,0.312500
VA11,AS09,1,0.050000
VA11,DD06,19,0.129252
VA11,VB10,6,0.857143
VA11,VD11,5,0.075758
VA11,VD12,3,0.032967
VA12,PHCR,1,0.166667
VA12,LUAL,2,0.090909
VA12,AVAL,3,0.004498
VA12,PVCL,3,0.010601
VA12,PVCR,4,0.015267
VA12,DA08,9,0.140625
VA12,DA09,17,0.309091
VA12,DB07,10,0.357143
VA12,AS08,2,0.062500
VA12,AS09,8,0.400000
VA12,AS10,6,0.285714
VA12,AS11,6,0.157895
VA12,DD06,2,0.013605
VA12,VA11,4,0.102564
VA12,VB11,4,0.363636
VA12,VD12,7,0.076923
VA12,VD13,12,0.196721
VB01,ADAL,5,0.128205
VB01,AIBR,2,0.006993
VB01,SAADL,18,0.240000
VB01,SAADR,5,0.073529
VB01,RIML,10,0.046948
VB01,RMFL,10,0.217391
VB01,SABD,1,0.021739
VB01,SMBVL,3,0.041667
VB01,DD01,1,0.005814
VB01,VA01,7,0.162791
VB01,VA02,2,0.045455
VB01,VA03,2,0.052632
VB01,VA04,2,0.058824
VB01,VB02,1,0.062500
VB01,VD01,4,0.065574
VB01,VD02,2,0.017544
VB02,AVEL,1,0.003300
VB02,DD01,30,0.174419
VB02,DD02,1,0.009009
VB02,VA02,5,0.113636
VB02,VA03,11,0.289474
VB02,VD02,14,0.122807
VB02,VD03,4,0.028986
VB03,DD02,36,0.324324
VB03,VA04,10,0.294118
VB03,VA05,1,0.050000
VB03,VD03,4,0.028986
VB03,VD04,6,0.061856
VB04,AVG,1,0.022222
VB04,DD02,7,0.063063
VB04,DD03,13,0.090278
VB04,VA04,1,0.029412
VB04,VA05,1,0.050000
VB04,VB05,1,0.090909
VB04,VD04,1,0.010309
VB04,VD05,3,0.037500
VB05,DD03,34,0.236111
VB05,VA06,2,0.074074
VB05,VD06,10,0.094340
VB06,DVA,1,0.006849
VB06,PVNR,1,0.026316
VB06,DD04,32,0.355556
VB06,VA07,3,0.150000
VB06,VA08,2,0.105263
VB06,VB07,1,0.111111
VB06,VD06,1,0.009434
VB06,VD07,22,0.211538
VB07,DD04,11,0.122222
VB07,DD05,29,0.281553
VB07,VA09,1,0.037037
VB07,VA10,1,0.052632
VB07,VD08,5,0.080645
VB07,VD09,6,0.082192
VB08,DD05,10,0.097087
VB08,DD06,19,0.129252
VB08,VA11,2,0.051282
VB08,VD09,5,0.068493
VB08,VD10,6,0.125000
VB09,DD05,10,0.097087
VB09,DD06,19,0.129252
VB09,VA11,2,0.051282
VB09,VD10,5,0.104167
VB09,VD11,6,0.090909
VB10,PVT,1,0.030303
VB10,DD06,19,0.129252
VB10,VA11,3,0.076923
VB10,VD11,7,0.106061
VB10,VD12,6,0.065934
VB11,PVWL,1,0.050000
VB11,PVWR,1,0.125000
VB11,PVCR,1,0.003817
VB11,DD06,19,0.129252
VB11,VA12,5,0.080645
VB11,VD12,2,0.021978
VB11,VD13,22,0.360656
VD01,DD01,2,0.011628
VD01,VA01,8,0.186047
VD01,VB01,5,0.135135
VD02,AVEL,1,0.003300
VD02,AS01,1,0.013699
VD02,DD01,1,0.005814
VD02,VA02,12,0.272727
VD02,VB02,4,0.250000
VD03,DD01,6,0.034884
VD03,VA03,4,0.105263
VD03,VB02,2,0.125000
VD03,VB03,1,0.055556
VD04,VA04,1,0.029412
VD04,VB03,2,0.111111
VD05,AVAR,1,0.001460
VD05,DD03,1,0.006944
VD05,VA05,2,0.100000
VD05,VA06,1,0.037037
VD05,VB01,1,0.027027
VD05,VB04,2,0.222222
VD06,PVNR,1,0.026316
VD06,AVAL,1,0.001499
VD06,DD03,6,0.041667
VD06,VA06,3,0.111111
VD06,VB05,1,0.090909
VD07,DD04,1,0.011111
VD07,VA07,2,0.100000
VD07,VB06,2,0.142857
VD07,VB07,1,0.111111
VD08,PVT,1,0.030303
VD08,DD04,5,0.055556
VD08,VA08,2,0.105263
VD08,VA09,1,0.037037
VD08,VB07,2,0.222222
VD09,VA09,3,0.111111
VD09,VB08,2,0.285714
VD10,VA10,2,0.105263
VD10,VB09,1,0.500000
VD11,PVT,1,0.030303
VD11,AVAR,2,0.002920
VD11,DD06,2,0.013605
VD11,VA11,2,0.051282
VD11,VB10,1,0.142857
VD12,DD06,2,0.013605
VD12,VA11,3,0.076923
VD12,VA12,13,0.209677
VD12,VB11,1,0.090909
VD13,PVWL,1,0.050000
VD13,AVAR,2,0.002920
VD13,PVCR,1,0.003817
VD13,DD06,3,0.020408
VD13,VA12,11,0.177419
VD13,VD12,1,0.010989
VD13,VD13,2,0.032787
